id_execucao,id_cenario,grupo,patologia,n_holders,distribuicao,parametro_dist,n_candidatos,tamanho_comite,turnout,n_aprovacoes,n_blocos,frac_proxy,tam_cartel,orcamento_suborno,frac_exchange,frac_colludida,n_rodadas,vantagem_incumbencia,reinveste_recompensa,metrica,camada,media,ic95,n_runs,seed_base
20260703-013755,1,G11,entrincheiramento,200,pareto,1.16,50,21,1.0,30,10000,0.0,0,0.0,0.0,0.0,2,0.0,0.0,rotatividade,stake,0.431746,0.066214,30,42
20260703-013755,1,G11,entrincheiramento,200,pareto,1.16,50,21,1.0,30,10000,0.0,0,0.0,0.0,0.0,2,0.0,0.0,rotatividade,eleito,0.431746,0.066214,30,42
20260703-013755,1,G11,entrincheiramento,200,pareto,1.16,50,21,1.0,30,10000,0.0,0,0.0,0.0,0.0,2,0.0,0.0,rotatividade,produzido,0.431746,0.066214,30,42
20260703-013755,1,G11,entrincheiramento,200,pareto,1.16,50,21,1.0,30,10000,0.0,0,0.0,0.0,0.0,2,0.0,0.0,persistencia,stake,0.784127,0.033107,30,42
20260703-013755,1,G11,entrincheiramento,200,pareto,1.16,50,21,1.0,30,10000,0.0,0,0.0,0.0,0.0,2,0.0,0.0,persistencia,eleito,0.784127,0.033107,30,42
20260703-013755,1,G11,entrincheiramento,200,pareto,1.16,50,21,1.0,30,10000,0.0,0,0.0,0.0,0.0,2,0.0,0.0,persistencia,produzido,0.784127,0.033107,30,42
20260703-013755,1,G11,entrincheiramento,200,pareto,1.16,50,21,1.0,30,10000,0.0,0,0.0,0.0,0.0,2,0.0,0.0,permanencia_media,stake,1.784127,0.033107,30,42
20260703-013755,1,G11,entrincheiramento,200,pareto,1.16,50,21,1.0,30,10000,0.0,0,0.0,0.0,0.0,2,0.0,0.0,permanencia_media,eleito,1.784127,0.033107,30,42
20260703-013755,1,G11,entrincheiramento,200,pareto,1.16,50,21,1.0,30,10000,0.0,0,0.0,0.0,0.0,2,0.0,0.0,permanencia_media,produzido,1.784127,0.033107,30,42
20260703-013755,1,G11,entrincheiramento,200,pareto,1.16,50,21,1.0,30,10000,0.0,0,0.0,0.0,0.0,2,0.0,0.0,diversidade,stake,0.607937,0.016553,30,42
20260703-013755,1,G11,entrincheiramento,200,pareto,1.16,50,21,1.0,30,10000,0.0,0,0.0,0.0,0.0,2,0.0,0.0,diversidade,eleito,0.607937,0.016553,30,42
20260703-013755,1,G11,entrincheiramento,200,pareto,1.16,50,21,1.0,30,10000,0.0,0,0.0,0.0,0.0,2,0.0,0.0,diversidade,produzido,0.607937,0.016553,30,42
20260703-013755,2,G11,entrincheiramento,200,pareto,1.16,50,21,1.0,30,10000,0.0,0,0.0,0.0,0.0,5,0.0,0.0,rotatividade,stake,0.434127,0.058075,30,42
20260703-013755,2,G11,entrincheiramento,200,pareto,1.16,50,21,1.0,30,10000,0.0,0,0.0,0.0,0.0,5,0.0,0.0,rotatividade,eleito,0.434127,0.058075,30,42
20260703-013755,2,G11,entrincheiramento,200,pareto,1.16,50,21,1.0,30,10000,0.0,0,0.0,0.0,0.0,5,0.0,0.0,rotatividade,produzido,0.434127,0.058075,30,42
20260703-013755,2,G11,entrincheiramento,200,pareto,1.16,50,21,1.0,30,10000,0.0,0,0.0,0.0,0.0,5,0.0,0.0,persistencia,stake,0.638095,0.042595,30,42
20260703-013755,2,G11,entrincheiramento,200,pareto,1.16,50,21,1.0,30,10000,0.0,0,0.0,0.0,0.0,5,0.0,0.0,persistencia,eleito,0.638095,0.042595,30,42
20260703-013755,2,G11,entrincheiramento,200,pareto,1.16,50,21,1.0,30,10000,0.0,0,0.0,0.0,0.0,5,0.0,0.0,persistencia,produzido,0.638095,0.042595,30,42
20260703-013755,2,G11,entrincheiramento,200,pareto,1.16,50,21,1.0,30,10000,0.0,0,0.0,0.0,0.0,5,0.0,0.0,permanencia_media,stake,3.788889,0.149473,30,42
20260703-013755,2,G11,entrincheiramento,200,pareto,1.16,50,21,1.0,30,10000,0.0,0,0.0,0.0,0.0,5,0.0,0.0,permanencia_media,eleito,3.788889,0.149473,30,42
20260703-013755,2,G11,entrincheiramento,200,pareto,1.16,50,21,1.0,30,10000,0.0,0,0.0,0.0,0.0,5,0.0,0.0,permanencia_media,produzido,3.788889,0.149473,30,42
20260703-013755,2,G11,entrincheiramento,200,pareto,1.16,50,21,1.0,30,10000,0.0,0,0.0,0.0,0.0,5,0.0,0.0,diversidade,stake,0.304444,0.01554,30,42
20260703-013755,2,G11,entrincheiramento,200,pareto,1.16,50,21,1.0,30,10000,0.0,0,0.0,0.0,0.0,5,0.0,0.0,diversidade,eleito,0.304444,0.01554,30,42
20260703-013755,2,G11,entrincheiramento,200,pareto,1.16,50,21,1.0,30,10000,0.0,0,0.0,0.0,0.0,5,0.0,0.0,diversidade,produzido,0.304444,0.01554,30,42
20260703-013755,3,G11,entrincheiramento,200,pareto,1.16,50,21,1.0,30,10000,0.0,0,0.0,0.0,0.0,10,0.0,0.0,rotatividade,stake,0.423986,0.057385,30,42
20260703-013755,3,G11,entrincheiramento,200,pareto,1.16,50,21,1.0,30,10000,0.0,0,0.0,0.0,0.0,10,0.0,0.0,rotatividade,eleito,0.423986,0.057385,30,42
20260703-013755,3,G11,entrincheiramento,200,pareto,1.16,50,21,1.0,30,10000,0.0,0,0.0,0.0,0.0,10,0.0,0.0,rotatividade,produzido,0.423986,0.057385,30,42
20260703-013755,3,G11,entrincheiramento,200,pareto,1.16,50,21,1.0,30,10000,0.0,0,0.0,0.0,0.0,10,0.0,0.0,persistencia,stake,0.588889,0.047671,30,42
20260703-013755,3,G11,entrincheiramento,200,pareto,1.16,50,21,1.0,30,10000,0.0,0,0.0,0.0,0.0,10,0.0,0.0,persistencia,eleito,0.588889,0.047671,30,42
20260703-013755,3,G11,entrincheiramento,200,pareto,1.16,50,21,1.0,30,10000,0.0,0,0.0,0.0,0.0,10,0.0,0.0,persistencia,produzido,0.588889,0.047671,30,42
20260703-013755,3,G11,entrincheiramento,200,pareto,1.16,50,21,1.0,30,10000,0.0,0,0.0,0.0,0.0,10,0.0,0.0,permanencia_media,stake,6.844444,0.379424,30,42
20260703-013755,3,G11,entrincheiramento,200,pareto,1.16,50,21,1.0,30,10000,0.0,0,0.0,0.0,0.0,10,0.0,0.0,permanencia_media,eleito,6.844444,0.379424,30,42
20260703-013755,3,G11,entrincheiramento,200,pareto,1.16,50,21,1.0,30,10000,0.0,0,0.0,0.0,0.0,10,0.0,0.0,permanencia_media,produzido,6.844444,0.379424,30,42
20260703-013755,3,G11,entrincheiramento,200,pareto,1.16,50,21,1.0,30,10000,0.0,0,0.0,0.0,0.0,10,0.0,0.0,diversidade,stake,0.176508,0.011043,30,42
20260703-013755,3,G11,entrincheiramento,200,pareto,1.16,50,21,1.0,30,10000,0.0,0,0.0,0.0,0.0,10,0.0,0.0,diversidade,eleito,0.176508,0.011043,30,42
20260703-013755,3,G11,entrincheiramento,200,pareto,1.16,50,21,1.0,30,10000,0.0,0,0.0,0.0,0.0,10,0.0,0.0,diversidade,produzido,0.176508,0.011043,30,42
20260703-013755,4,G11,entrincheiramento,200,pareto,1.16,50,21,1.0,30,10000,0.0,0,0.0,0.0,0.0,2,0.5,0.0,rotatividade,stake,0.279365,0.069863,30,42
20260703-013755,4,G11,entrincheiramento,200,pareto,1.16,50,21,1.0,30,10000,0.0,0,0.0,0.0,0.0,2,0.5,0.0,rotatividade,eleito,0.279365,0.069863,30,42
20260703-013755,4,G11,entrincheiramento,200,pareto,1.16,50,21,1.0,30,10000,0.0,0,0.0,0.0,0.0,2,0.5,0.0,rotatividade,produzido,0.279365,0.069863,30,42
20260703-013755,4,G11,entrincheiramento,200,pareto,1.16,50,21,1.0,30,10000,0.0,0,0.0,0.0,0.0,2,0.5,0.0,persistencia,stake,0.860317,0.034932,30,42
20260703-013755,4,G11,entrincheiramento,200,pareto,1.16,50,21,1.0,30,10000,0.0,0,0.0,0.0,0.0,2,0.5,0.0,persistencia,eleito,0.860317,0.034932,30,42
20260703-013755,4,G11,entrincheiramento,200,pareto,1.16,50,21,1.0,30,10000,0.0,0,0.0,0.0,0.0,2,0.5,0.0,persistencia,produzido,0.860317,0.034932,30,42
20260703-013755,4,G11,entrincheiramento,200,pareto,1.16,50,21,1.0,30,10000,0.0,0,0.0,0.0,0.0,2,0.5,0.0,permanencia_media,stake,1.860317,0.034932,30,42
20260703-013755,4,G11,entrincheiramento,200,pareto,1.16,50,21,1.0,30,10000,0.0,0,0.0,0.0,0.0,2,0.5,0.0,permanencia_media,eleito,1.860317,0.034932,30,42
20260703-013755,4,G11,entrincheiramento,200,pareto,1.16,50,21,1.0,30,10000,0.0,0,0.0,0.0,0.0,2,0.5,0.0,permanencia_media,produzido,1.860317,0.034932,30,42
20260703-013755,4,G11,entrincheiramento,200,pareto,1.16,50,21,1.0,30,10000,0.0,0,0.0,0.0,0.0,2,0.5,0.0,diversidade,stake,0.569841,0.017466,30,42
20260703-013755,4,G11,entrincheiramento,200,pareto,1.16,50,21,1.0,30,10000,0.0,0,0.0,0.0,0.0,2,0.5,0.0,diversidade,eleito,0.569841,0.017466,30,42
20260703-013755,4,G11,entrincheiramento,200,pareto,1.16,50,21,1.0,30,10000,0.0,0,0.0,0.0,0.0,2,0.5,0.0,diversidade,produzido,0.569841,0.017466,30,42
20260703-013755,5,G11,entrincheiramento,200,pareto,1.16,50,21,1.0,30,10000,0.0,0,0.0,0.0,0.0,5,0.5,0.0,rotatividade,stake,0.233333,0.055955,30,42
20260703-013755,5,G11,entrincheiramento,200,pareto,1.16,50,21,1.0,30,10000,0.0,0,0.0,0.0,0.0,5,0.5,0.0,rotatividade,eleito,0.233333,0.055955,30,42
20260703-013755,5,G11,entrincheiramento,200,pareto,1.16,50,21,1.0,30,10000,0.0,0,0.0,0.0,0.0,5,0.5,0.0,rotatividade,produzido,0.233333,0.055955,30,42
20260703-013755,5,G11,entrincheiramento,200,pareto,1.16,50,21,1.0,30,10000,0.0,0,0.0,0.0,0.0,5,0.5,0.0,persistencia,stake,0.771429,0.051879,30,42
20260703-013755,5,G11,entrincheiramento,200,pareto,1.16,50,21,1.0,30,10000,0.0,0,0.0,0.0,0.0,5,0.5,0.0,persistencia,eleito,0.771429,0.051879,30,42
20260703-013755,5,G11,entrincheiramento,200,pareto,1.16,50,21,1.0,30,10000,0.0,0,0.0,0.0,0.0,5,0.5,0.0,persistencia,produzido,0.771429,0.051879,30,42
20260703-013755,5,G11,entrincheiramento,200,pareto,1.16,50,21,1.0,30,10000,0.0,0,0.0,0.0,0.0,5,0.5,0.0,permanencia_media,stake,4.303175,0.16329,30,42
20260703-013755,5,G11,entrincheiramento,200,pareto,1.16,50,21,1.0,30,10000,0.0,0,0.0,0.0,0.0,5,0.5,0.0,permanencia_media,eleito,4.303175,0.16329,30,42
20260703-013755,5,G11,entrincheiramento,200,pareto,1.16,50,21,1.0,30,10000,0.0,0,0.0,0.0,0.0,5,0.5,0.0,permanencia_media,produzido,4.303175,0.16329,30,42
20260703-013755,5,G11,entrincheiramento,200,pareto,1.16,50,21,1.0,30,10000,0.0,0,0.0,0.0,0.0,5,0.5,0.0,diversidade,stake,0.271746,0.015572,30,42
20260703-013755,5,G11,entrincheiramento,200,pareto,1.16,50,21,1.0,30,10000,0.0,0,0.0,0.0,0.0,5,0.5,0.0,diversidade,eleito,0.271746,0.015572,30,42
20260703-013755,5,G11,entrincheiramento,200,pareto,1.16,50,21,1.0,30,10000,0.0,0,0.0,0.0,0.0,5,0.5,0.0,diversidade,produzido,0.271746,0.015572,30,42
20260703-013755,6,G11,entrincheiramento,200,pareto,1.16,50,21,1.0,30,10000,0.0,0,0.0,0.0,0.0,10,0.5,0.0,rotatividade,stake,0.234921,0.056861,30,42
20260703-013755,6,G11,entrincheiramento,200,pareto,1.16,50,21,1.0,30,10000,0.0,0,0.0,0.0,0.0,10,0.5,0.0,rotatividade,eleito,0.234921,0.056861,30,42
20260703-013755,6,G11,entrincheiramento,200,pareto,1.16,50,21,1.0,30,10000,0.0,0,0.0,0.0,0.0,10,0.5,0.0,rotatividade,produzido,0.234921,0.056861,30,42
20260703-013755,6,G11,entrincheiramento,200,pareto,1.16,50,21,1.0,30,10000,0.0,0,0.0,0.0,0.0,10,0.5,0.0,persistencia,stake,0.712698,0.05774,30,42
20260703-013755,6,G11,entrincheiramento,200,pareto,1.16,50,21,1.0,30,10000,0.0,0,0.0,0.0,0.0,10,0.5,0.0,persistencia,eleito,0.712698,0.05774,30,42
20260703-013755,6,G11,entrincheiramento,200,pareto,1.16,50,21,1.0,30,10000,0.0,0,0.0,0.0,0.0,10,0.5,0.0,persistencia,produzido,0.712698,0.05774,30,42
20260703-013755,6,G11,entrincheiramento,200,pareto,1.16,50,21,1.0,30,10000,0.0,0,0.0,0.0,0.0,10,0.5,0.0,permanencia_media,stake,7.980952,0.436205,30,42
20260703-013755,6,G11,entrincheiramento,200,pareto,1.16,50,21,1.0,30,10000,0.0,0,0.0,0.0,0.0,10,0.5,0.0,permanencia_media,eleito,7.980952,0.436205,30,42
20260703-013755,6,G11,entrincheiramento,200,pareto,1.16,50,21,1.0,30,10000,0.0,0,0.0,0.0,0.0,10,0.5,0.0,permanencia_media,produzido,7.980952,0.436205,30,42
20260703-013755,6,G11,entrincheiramento,200,pareto,1.16,50,21,1.0,30,10000,0.0,0,0.0,0.0,0.0,10,0.5,0.0,diversidade,stake,0.15873,0.012282,30,42
20260703-013755,6,G11,entrincheiramento,200,pareto,1.16,50,21,1.0,30,10000,0.0,0,0.0,0.0,0.0,10,0.5,0.0,diversidade,eleito,0.15873,0.012282,30,42
20260703-013755,6,G11,entrincheiramento,200,pareto,1.16,50,21,1.0,30,10000,0.0,0,0.0,0.0,0.0,10,0.5,0.0,diversidade,produzido,0.15873,0.012282,30,42
20260703-013755,7,G11,entrincheiramento,200,pareto,1.16,50,21,1.0,30,10000,0.0,0,0.0,0.0,0.0,2,1.0,0.0,rotatividade,stake,0.215873,0.068122,30,42
20260703-013755,7,G11,entrincheiramento,200,pareto,1.16,50,21,1.0,30,10000,0.0,0,0.0,0.0,0.0,2,1.0,0.0,rotatividade,eleito,0.215873,0.068122,30,42
20260703-013755,7,G11,entrincheiramento,200,pareto,1.16,50,21,1.0,30,10000,0.0,0,0.0,0.0,0.0,2,1.0,0.0,rotatividade,produzido,0.215873,0.068122,30,42
20260703-013755,7,G11,entrincheiramento,200,pareto,1.16,50,21,1.0,30,10000,0.0,0,0.0,0.0,0.0,2,1.0,0.0,persistencia,stake,0.892063,0.034061,30,42
20260703-013755,7,G11,entrincheiramento,200,pareto,1.16,50,21,1.0,30,10000,0.0,0,0.0,0.0,0.0,2,1.0,0.0,persistencia,eleito,0.892063,0.034061,30,42
20260703-013755,7,G11,entrincheiramento,200,pareto,1.16,50,21,1.0,30,10000,0.0,0,0.0,0.0,0.0,2,1.0,0.0,persistencia,produzido,0.892063,0.034061,30,42
20260703-013755,7,G11,entrincheiramento,200,pareto,1.16,50,21,1.0,30,10000,0.0,0,0.0,0.0,0.0,2,1.0,0.0,permanencia_media,stake,1.892063,0.034061,30,42
20260703-013755,7,G11,entrincheiramento,200,pareto,1.16,50,21,1.0,30,10000,0.0,0,0.0,0.0,0.0,2,1.0,0.0,permanencia_media,eleito,1.892063,0.034061,30,42
20260703-013755,7,G11,entrincheiramento,200,pareto,1.16,50,21,1.0,30,10000,0.0,0,0.0,0.0,0.0,2,1.0,0.0,permanencia_media,produzido,1.892063,0.034061,30,42
20260703-013755,7,G11,entrincheiramento,200,pareto,1.16,50,21,1.0,30,10000,0.0,0,0.0,0.0,0.0,2,1.0,0.0,diversidade,stake,0.553968,0.01703,30,42
20260703-013755,7,G11,entrincheiramento,200,pareto,1.16,50,21,1.0,30,10000,0.0,0,0.0,0.0,0.0,2,1.0,0.0,diversidade,eleito,0.553968,0.01703,30,42
20260703-013755,7,G11,entrincheiramento,200,pareto,1.16,50,21,1.0,30,10000,0.0,0,0.0,0.0,0.0,2,1.0,0.0,diversidade,produzido,0.553968,0.01703,30,42
20260703-013755,8,G11,entrincheiramento,200,pareto,1.16,50,21,1.0,30,10000,0.0,0,0.0,0.0,0.0,5,1.0,0.0,rotatividade,stake,0.161905,0.049143,30,42
20260703-013755,8,G11,entrincheiramento,200,pareto,1.16,50,21,1.0,30,10000,0.0,0,0.0,0.0,0.0,5,1.0,0.0,rotatividade,eleito,0.161905,0.049143,30,42
20260703-013755,8,G11,entrincheiramento,200,pareto,1.16,50,21,1.0,30,10000,0.0,0,0.0,0.0,0.0,5,1.0,0.0,rotatividade,produzido,0.161905,0.049143,30,42
20260703-013755,8,G11,entrincheiramento,200,pareto,1.16,50,21,1.0,30,10000,0.0,0,0.0,0.0,0.0,5,1.0,0.0,persistencia,stake,0.812698,0.050813,30,42
20260703-013755,8,G11,entrincheiramento,200,pareto,1.16,50,21,1.0,30,10000,0.0,0,0.0,0.0,0.0,5,1.0,0.0,persistencia,eleito,0.812698,0.050813,30,42
20260703-013755,8,G11,entrincheiramento,200,pareto,1.16,50,21,1.0,30,10000,0.0,0,0.0,0.0,0.0,5,1.0,0.0,persistencia,produzido,0.812698,0.050813,30,42
20260703-013755,8,G11,entrincheiramento,200,pareto,1.16,50,21,1.0,30,10000,0.0,0,0.0,0.0,0.0,5,1.0,0.0,permanencia_media,stake,4.484127,0.1509,30,42
20260703-013755,8,G11,entrincheiramento,200,pareto,1.16,50,21,1.0,30,10000,0.0,0,0.0,0.0,0.0,5,1.0,0.0,permanencia_media,eleito,4.484127,0.1509,30,42
20260703-013755,8,G11,entrincheiramento,200,pareto,1.16,50,21,1.0,30,10000,0.0,0,0.0,0.0,0.0,5,1.0,0.0,permanencia_media,produzido,4.484127,0.1509,30,42
20260703-013755,8,G11,entrincheiramento,200,pareto,1.16,50,21,1.0,30,10000,0.0,0,0.0,0.0,0.0,5,1.0,0.0,diversidade,stake,0.253968,0.015118,30,42
20260703-013755,8,G11,entrincheiramento,200,pareto,1.16,50,21,1.0,30,10000,0.0,0,0.0,0.0,0.0,5,1.0,0.0,diversidade,eleito,0.253968,0.015118,30,42
20260703-013755,8,G11,entrincheiramento,200,pareto,1.16,50,21,1.0,30,10000,0.0,0,0.0,0.0,0.0,5,1.0,0.0,diversidade,produzido,0.253968,0.015118,30,42
20260703-013755,9,G11,entrincheiramento,200,pareto,1.16,50,21,1.0,30,10000,0.0,0,0.0,0.0,0.0,10,1.0,0.0,rotatividade,stake,0.154497,0.047532,30,42
20260703-013755,9,G11,entrincheiramento,200,pareto,1.16,50,21,1.0,30,10000,0.0,0,0.0,0.0,0.0,10,1.0,0.0,rotatividade,eleito,0.154497,0.047532,30,42
20260703-013755,9,G11,entrincheiramento,200,pareto,1.16,50,21,1.0,30,10000,0.0,0,0.0,0.0,0.0,10,1.0,0.0,rotatividade,produzido,0.154497,0.047532,30,42
20260703-013755,9,G11,entrincheiramento,200,pareto,1.16,50,21,1.0,30,10000,0.0,0,0.0,0.0,0.0,10,1.0,0.0,persistencia,stake,0.777778,0.056131,30,42
20260703-013755,9,G11,entrincheiramento,200,pareto,1.16,50,21,1.0,30,10000,0.0,0,0.0,0.0,0.0,10,1.0,0.0,persistencia,eleito,0.777778,0.056131,30,42
20260703-013755,9,G11,entrincheiramento,200,pareto,1.16,50,21,1.0,30,10000,0.0,0,0.0,0.0,0.0,10,1.0,0.0,persistencia,produzido,0.777778,0.056131,30,42
20260703-013755,9,G11,entrincheiramento,200,pareto,1.16,50,21,1.0,30,10000,0.0,0,0.0,0.0,0.0,10,1.0,0.0,permanencia_media,stake,8.560317,0.406872,30,42
20260703-013755,9,G11,entrincheiramento,200,pareto,1.16,50,21,1.0,30,10000,0.0,0,0.0,0.0,0.0,10,1.0,0.0,permanencia_media,eleito,8.560317,0.406872,30,42
20260703-013755,9,G11,entrincheiramento,200,pareto,1.16,50,21,1.0,30,10000,0.0,0,0.0,0.0,0.0,10,1.0,0.0,permanencia_media,produzido,8.560317,0.406872,30,42
20260703-013755,9,G11,entrincheiramento,200,pareto,1.16,50,21,1.0,30,10000,0.0,0,0.0,0.0,0.0,10,1.0,0.0,diversidade,stake,0.146508,0.012479,30,42
20260703-013755,9,G11,entrincheiramento,200,pareto,1.16,50,21,1.0,30,10000,0.0,0,0.0,0.0,0.0,10,1.0,0.0,diversidade,eleito,0.146508,0.012479,30,42
20260703-013755,9,G11,entrincheiramento,200,pareto,1.16,50,21,1.0,30,10000,0.0,0,0.0,0.0,0.0,10,1.0,0.0,diversidade,produzido,0.146508,0.012479,30,42
20260703-013755,10,G11,entrincheiramento,200,pareto,1.16,100,21,1.0,30,10000,0.0,0,0.0,0.0,0.0,2,0.0,0.0,rotatividade,stake,0.542857,0.084978,30,42
20260703-013755,10,G11,entrincheiramento,200,pareto,1.16,100,21,1.0,30,10000,0.0,0,0.0,0.0,0.0,2,0.0,0.0,rotatividade,eleito,0.542857,0.084978,30,42
20260703-013755,10,G11,entrincheiramento,200,pareto,1.16,100,21,1.0,30,10000,0.0,0,0.0,0.0,0.0,2,0.0,0.0,rotatividade,produzido,0.542857,0.084978,30,42
20260703-013755,10,G11,entrincheiramento,200,pareto,1.16,100,21,1.0,30,10000,0.0,0,0.0,0.0,0.0,2,0.0,0.0,persistencia,stake,0.728571,0.042489,30,42
20260703-013755,10,G11,entrincheiramento,200,pareto,1.16,100,21,1.0,30,10000,0.0,0,0.0,0.0,0.0,2,0.0,0.0,persistencia,eleito,0.728571,0.042489,30,42
20260703-013755,10,G11,entrincheiramento,200,pareto,1.16,100,21,1.0,30,10000,0.0,0,0.0,0.0,0.0,2,0.0,0.0,persistencia,produzido,0.728571,0.042489,30,42
20260703-013755,10,G11,entrincheiramento,200,pareto,1.16,100,21,1.0,30,10000,0.0,0,0.0,0.0,0.0,2,0.0,0.0,permanencia_media,stake,1.728571,0.042489,30,42
20260703-013755,10,G11,entrincheiramento,200,pareto,1.16,100,21,1.0,30,10000,0.0,0,0.0,0.0,0.0,2,0.0,0.0,permanencia_media,eleito,1.728571,0.042489,30,42
20260703-013755,10,G11,entrincheiramento,200,pareto,1.16,100,21,1.0,30,10000,0.0,0,0.0,0.0,0.0,2,0.0,0.0,permanencia_media,produzido,1.728571,0.042489,30,42
20260703-013755,10,G11,entrincheiramento,200,pareto,1.16,100,21,1.0,30,10000,0.0,0,0.0,0.0,0.0,2,0.0,0.0,diversidade,stake,0.635714,0.021244,30,42
20260703-013755,10,G11,entrincheiramento,200,pareto,1.16,100,21,1.0,30,10000,0.0,0,0.0,0.0,0.0,2,0.0,0.0,diversidade,eleito,0.635714,0.021244,30,42
20260703-013755,10,G11,entrincheiramento,200,pareto,1.16,100,21,1.0,30,10000,0.0,0,0.0,0.0,0.0,2,0.0,0.0,diversidade,produzido,0.635714,0.021244,30,42
20260703-013755,11,G11,entrincheiramento,200,pareto,1.16,100,21,1.0,30,10000,0.0,0,0.0,0.0,0.0,5,0.0,0.0,rotatividade,stake,0.530952,0.077868,30,42
20260703-013755,11,G11,entrincheiramento,200,pareto,1.16,100,21,1.0,30,10000,0.0,0,0.0,0.0,0.0,5,0.0,0.0,rotatividade,eleito,0.530952,0.077868,30,42
20260703-013755,11,G11,entrincheiramento,200,pareto,1.16,100,21,1.0,30,10000,0.0,0,0.0,0.0,0.0,5,0.0,0.0,rotatividade,produzido,0.530952,0.077868,30,42
20260703-013755,11,G11,entrincheiramento,200,pareto,1.16,100,21,1.0,30,10000,0.0,0,0.0,0.0,0.0,5,0.0,0.0,persistencia,stake,0.601587,0.053603,30,42
20260703-013755,11,G11,entrincheiramento,200,pareto,1.16,100,21,1.0,30,10000,0.0,0,0.0,0.0,0.0,5,0.0,0.0,persistencia,eleito,0.601587,0.053603,30,42
20260703-013755,11,G11,entrincheiramento,200,pareto,1.16,100,21,1.0,30,10000,0.0,0,0.0,0.0,0.0,5,0.0,0.0,persistencia,produzido,0.601587,0.053603,30,42
20260703-013755,11,G11,entrincheiramento,200,pareto,1.16,100,21,1.0,30,10000,0.0,0,0.0,0.0,0.0,5,0.0,0.0,permanencia_media,stake,3.628571,0.187544,30,42
20260703-013755,11,G11,entrincheiramento,200,pareto,1.16,100,21,1.0,30,10000,0.0,0,0.0,0.0,0.0,5,0.0,0.0,permanencia_media,eleito,3.628571,0.187544,30,42
20260703-013755,11,G11,entrincheiramento,200,pareto,1.16,100,21,1.0,30,10000,0.0,0,0.0,0.0,0.0,5,0.0,0.0,permanencia_media,produzido,3.628571,0.187544,30,42
20260703-013755,11,G11,entrincheiramento,200,pareto,1.16,100,21,1.0,30,10000,0.0,0,0.0,0.0,0.0,5,0.0,0.0,diversidade,stake,0.34381,0.02377,30,42
20260703-013755,11,G11,entrincheiramento,200,pareto,1.16,100,21,1.0,30,10000,0.0,0,0.0,0.0,0.0,5,0.0,0.0,diversidade,eleito,0.34381,0.02377,30,42
20260703-013755,11,G11,entrincheiramento,200,pareto,1.16,100,21,1.0,30,10000,0.0,0,0.0,0.0,0.0,5,0.0,0.0,diversidade,produzido,0.34381,0.02377,30,42
20260703-013755,12,G11,entrincheiramento,200,pareto,1.16,100,21,1.0,30,10000,0.0,0,0.0,0.0,0.0,10,0.0,0.0,rotatividade,stake,0.524515,0.074468,30,42
20260703-013755,12,G11,entrincheiramento,200,pareto,1.16,100,21,1.0,30,10000,0.0,0,0.0,0.0,0.0,10,0.0,0.0,rotatividade,eleito,0.524515,0.074468,30,42
20260703-013755,12,G11,entrincheiramento,200,pareto,1.16,100,21,1.0,30,10000,0.0,0,0.0,0.0,0.0,10,0.0,0.0,rotatividade,produzido,0.524515,0.074468,30,42
20260703-013755,12,G11,entrincheiramento,200,pareto,1.16,100,21,1.0,30,10000,0.0,0,0.0,0.0,0.0,10,0.0,0.0,persistencia,stake,0.544444,0.054198,30,42
20260703-013755,12,G11,entrincheiramento,200,pareto,1.16,100,21,1.0,30,10000,0.0,0,0.0,0.0,0.0,10,0.0,0.0,persistencia,eleito,0.544444,0.054198,30,42
20260703-013755,12,G11,entrincheiramento,200,pareto,1.16,100,21,1.0,30,10000,0.0,0,0.0,0.0,0.0,10,0.0,0.0,persistencia,produzido,0.544444,0.054198,30,42
20260703-013755,12,G11,entrincheiramento,200,pareto,1.16,100,21,1.0,30,10000,0.0,0,0.0,0.0,0.0,10,0.0,0.0,permanencia_media,stake,6.47619,0.450643,30,42
20260703-013755,12,G11,entrincheiramento,200,pareto,1.16,100,21,1.0,30,10000,0.0,0,0.0,0.0,0.0,10,0.0,0.0,permanencia_media,eleito,6.47619,0.450643,30,42
20260703-013755,12,G11,entrincheiramento,200,pareto,1.16,100,21,1.0,30,10000,0.0,0,0.0,0.0,0.0,10,0.0,0.0,permanencia_media,produzido,6.47619,0.450643,30,42
20260703-013755,12,G11,entrincheiramento,200,pareto,1.16,100,21,1.0,30,10000,0.0,0,0.0,0.0,0.0,10,0.0,0.0,diversidade,stake,0.213016,0.019659,30,42
20260703-013755,12,G11,entrincheiramento,200,pareto,1.16,100,21,1.0,30,10000,0.0,0,0.0,0.0,0.0,10,0.0,0.0,diversidade,eleito,0.213016,0.019659,30,42
20260703-013755,12,G11,entrincheiramento,200,pareto,1.16,100,21,1.0,30,10000,0.0,0,0.0,0.0,0.0,10,0.0,0.0,diversidade,produzido,0.213016,0.019659,30,42
20260703-013755,13,G11,entrincheiramento,200,pareto,1.16,100,21,1.0,30,10000,0.0,0,0.0,0.0,0.0,2,0.5,0.0,rotatividade,stake,0.352381,0.08403,30,42
20260703-013755,13,G11,entrincheiramento,200,pareto,1.16,100,21,1.0,30,10000,0.0,0,0.0,0.0,0.0,2,0.5,0.0,rotatividade,eleito,0.352381,0.08403,30,42
20260703-013755,13,G11,entrincheiramento,200,pareto,1.16,100,21,1.0,30,10000,0.0,0,0.0,0.0,0.0,2,0.5,0.0,rotatividade,produzido,0.352381,0.08403,30,42
20260703-013755,13,G11,entrincheiramento,200,pareto,1.16,100,21,1.0,30,10000,0.0,0,0.0,0.0,0.0,2,0.5,0.0,persistencia,stake,0.82381,0.042015,30,42
20260703-013755,13,G11,entrincheiramento,200,pareto,1.16,100,21,1.0,30,10000,0.0,0,0.0,0.0,0.0,2,0.5,0.0,persistencia,eleito,0.82381,0.042015,30,42
20260703-013755,13,G11,entrincheiramento,200,pareto,1.16,100,21,1.0,30,10000,0.0,0,0.0,0.0,0.0,2,0.5,0.0,persistencia,produzido,0.82381,0.042015,30,42
20260703-013755,13,G11,entrincheiramento,200,pareto,1.16,100,21,1.0,30,10000,0.0,0,0.0,0.0,0.0,2,0.5,0.0,permanencia_media,stake,1.82381,0.042015,30,42
20260703-013755,13,G11,entrincheiramento,200,pareto,1.16,100,21,1.0,30,10000,0.0,0,0.0,0.0,0.0,2,0.5,0.0,permanencia_media,eleito,1.82381,0.042015,30,42
20260703-013755,13,G11,entrincheiramento,200,pareto,1.16,100,21,1.0,30,10000,0.0,0,0.0,0.0,0.0,2,0.5,0.0,permanencia_media,produzido,1.82381,0.042015,30,42
20260703-013755,13,G11,entrincheiramento,200,pareto,1.16,100,21,1.0,30,10000,0.0,0,0.0,0.0,0.0,2,0.5,0.0,diversidade,stake,0.588095,0.021007,30,42
20260703-013755,13,G11,entrincheiramento,200,pareto,1.16,100,21,1.0,30,10000,0.0,0,0.0,0.0,0.0,2,0.5,0.0,diversidade,eleito,0.588095,0.021007,30,42
20260703-013755,13,G11,entrincheiramento,200,pareto,1.16,100,21,1.0,30,10000,0.0,0,0.0,0.0,0.0,2,0.5,0.0,diversidade,produzido,0.588095,0.021007,30,42
20260703-013755,14,G11,entrincheiramento,200,pareto,1.16,100,21,1.0,30,10000,0.0,0,0.0,0.0,0.0,5,0.5,0.0,rotatividade,stake,0.328571,0.077619,30,42
20260703-013755,14,G11,entrincheiramento,200,pareto,1.16,100,21,1.0,30,10000,0.0,0,0.0,0.0,0.0,5,0.5,0.0,rotatividade,eleito,0.328571,0.077619,30,42
20260703-013755,14,G11,entrincheiramento,200,pareto,1.16,100,21,1.0,30,10000,0.0,0,0.0,0.0,0.0,5,0.5,0.0,rotatividade,produzido,0.328571,0.077619,30,42
20260703-013755,14,G11,entrincheiramento,200,pareto,1.16,100,21,1.0,30,10000,0.0,0,0.0,0.0,0.0,5,0.5,0.0,persistencia,stake,0.722222,0.056086,30,42
20260703-013755,14,G11,entrincheiramento,200,pareto,1.16,100,21,1.0,30,10000,0.0,0,0.0,0.0,0.0,5,0.5,0.0,persistencia,eleito,0.722222,0.056086,30,42
20260703-013755,14,G11,entrincheiramento,200,pareto,1.16,100,21,1.0,30,10000,0.0,0,0.0,0.0,0.0,5,0.5,0.0,persistencia,produzido,0.722222,0.056086,30,42
20260703-013755,14,G11,entrincheiramento,200,pareto,1.16,100,21,1.0,30,10000,0.0,0,0.0,0.0,0.0,5,0.5,0.0,permanencia_media,stake,4.114286,0.190311,30,42
20260703-013755,14,G11,entrincheiramento,200,pareto,1.16,100,21,1.0,30,10000,0.0,0,0.0,0.0,0.0,5,0.5,0.0,permanencia_media,eleito,4.114286,0.190311,30,42
20260703-013755,14,G11,entrincheiramento,200,pareto,1.16,100,21,1.0,30,10000,0.0,0,0.0,0.0,0.0,5,0.5,0.0,permanencia_media,produzido,4.114286,0.190311,30,42
20260703-013755,14,G11,entrincheiramento,200,pareto,1.16,100,21,1.0,30,10000,0.0,0,0.0,0.0,0.0,5,0.5,0.0,diversidade,stake,0.306984,0.02483,30,42
20260703-013755,14,G11,entrincheiramento,200,pareto,1.16,100,21,1.0,30,10000,0.0,0,0.0,0.0,0.0,5,0.5,0.0,diversidade,eleito,0.306984,0.02483,30,42
20260703-013755,14,G11,entrincheiramento,200,pareto,1.16,100,21,1.0,30,10000,0.0,0,0.0,0.0,0.0,5,0.5,0.0,diversidade,produzido,0.306984,0.02483,30,42
20260703-013755,15,G11,entrincheiramento,200,pareto,1.16,100,21,1.0,30,10000,0.0,0,0.0,0.0,0.0,10,0.5,0.0,rotatividade,stake,0.325926,0.079489,30,42
20260703-013755,15,G11,entrincheiramento,200,pareto,1.16,100,21,1.0,30,10000,0.0,0,0.0,0.0,0.0,10,0.5,0.0,rotatividade,eleito,0.325926,0.079489,30,42
20260703-013755,15,G11,entrincheiramento,200,pareto,1.16,100,21,1.0,30,10000,0.0,0,0.0,0.0,0.0,10,0.5,0.0,rotatividade,produzido,0.325926,0.079489,30,42
20260703-013755,15,G11,entrincheiramento,200,pareto,1.16,100,21,1.0,30,10000,0.0,0,0.0,0.0,0.0,10,0.5,0.0,persistencia,stake,0.673016,0.060492,30,42
20260703-013755,15,G11,entrincheiramento,200,pareto,1.16,100,21,1.0,30,10000,0.0,0,0.0,0.0,0.0,10,0.5,0.0,persistencia,eleito,0.673016,0.060492,30,42
20260703-013755,15,G11,entrincheiramento,200,pareto,1.16,100,21,1.0,30,10000,0.0,0,0.0,0.0,0.0,10,0.5,0.0,persistencia,produzido,0.673016,0.060492,30,42
20260703-013755,15,G11,entrincheiramento,200,pareto,1.16,100,21,1.0,30,10000,0.0,0,0.0,0.0,0.0,10,0.5,0.0,permanencia_media,stake,7.6,0.490243,30,42
20260703-013755,15,G11,entrincheiramento,200,pareto,1.16,100,21,1.0,30,10000,0.0,0,0.0,0.0,0.0,10,0.5,0.0,permanencia_media,eleito,7.6,0.490243,30,42
20260703-013755,15,G11,entrincheiramento,200,pareto,1.16,100,21,1.0,30,10000,0.0,0,0.0,0.0,0.0,10,0.5,0.0,permanencia_media,produzido,7.6,0.490243,30,42
20260703-013755,15,G11,entrincheiramento,200,pareto,1.16,100,21,1.0,30,10000,0.0,0,0.0,0.0,0.0,10,0.5,0.0,diversidade,stake,0.192698,0.021277,30,42
20260703-013755,15,G11,entrincheiramento,200,pareto,1.16,100,21,1.0,30,10000,0.0,0,0.0,0.0,0.0,10,0.5,0.0,diversidade,eleito,0.192698,0.021277,30,42
20260703-013755,15,G11,entrincheiramento,200,pareto,1.16,100,21,1.0,30,10000,0.0,0,0.0,0.0,0.0,10,0.5,0.0,diversidade,produzido,0.192698,0.021277,30,42
20260703-013755,16,G11,entrincheiramento,200,pareto,1.16,100,21,1.0,30,10000,0.0,0,0.0,0.0,0.0,2,1.0,0.0,rotatividade,stake,0.260317,0.080517,30,42
20260703-013755,16,G11,entrincheiramento,200,pareto,1.16,100,21,1.0,30,10000,0.0,0,0.0,0.0,0.0,2,1.0,0.0,rotatividade,eleito,0.260317,0.080517,30,42
20260703-013755,16,G11,entrincheiramento,200,pareto,1.16,100,21,1.0,30,10000,0.0,0,0.0,0.0,0.0,2,1.0,0.0,rotatividade,produzido,0.260317,0.080517,30,42
20260703-013755,16,G11,entrincheiramento,200,pareto,1.16,100,21,1.0,30,10000,0.0,0,0.0,0.0,0.0,2,1.0,0.0,persistencia,stake,0.869841,0.040258,30,42
20260703-013755,16,G11,entrincheiramento,200,pareto,1.16,100,21,1.0,30,10000,0.0,0,0.0,0.0,0.0,2,1.0,0.0,persistencia,eleito,0.869841,0.040258,30,42
20260703-013755,16,G11,entrincheiramento,200,pareto,1.16,100,21,1.0,30,10000,0.0,0,0.0,0.0,0.0,2,1.0,0.0,persistencia,produzido,0.869841,0.040258,30,42
20260703-013755,16,G11,entrincheiramento,200,pareto,1.16,100,21,1.0,30,10000,0.0,0,0.0,0.0,0.0,2,1.0,0.0,permanencia_media,stake,1.869841,0.040258,30,42
20260703-013755,16,G11,entrincheiramento,200,pareto,1.16,100,21,1.0,30,10000,0.0,0,0.0,0.0,0.0,2,1.0,0.0,permanencia_media,eleito,1.869841,0.040258,30,42
20260703-013755,16,G11,entrincheiramento,200,pareto,1.16,100,21,1.0,30,10000,0.0,0,0.0,0.0,0.0,2,1.0,0.0,permanencia_media,produzido,1.869841,0.040258,30,42
20260703-013755,16,G11,entrincheiramento,200,pareto,1.16,100,21,1.0,30,10000,0.0,0,0.0,0.0,0.0,2,1.0,0.0,diversidade,stake,0.565079,0.020129,30,42
20260703-013755,16,G11,entrincheiramento,200,pareto,1.16,100,21,1.0,30,10000,0.0,0,0.0,0.0,0.0,2,1.0,0.0,diversidade,eleito,0.565079,0.020129,30,42
20260703-013755,16,G11,entrincheiramento,200,pareto,1.16,100,21,1.0,30,10000,0.0,0,0.0,0.0,0.0,2,1.0,0.0,diversidade,produzido,0.565079,0.020129,30,42
20260703-013755,17,G11,entrincheiramento,200,pareto,1.16,100,21,1.0,30,10000,0.0,0,0.0,0.0,0.0,5,1.0,0.0,rotatividade,stake,0.249206,0.07131,30,42
20260703-013755,17,G11,entrincheiramento,200,pareto,1.16,100,21,1.0,30,10000,0.0,0,0.0,0.0,0.0,5,1.0,0.0,rotatividade,eleito,0.249206,0.07131,30,42
20260703-013755,17,G11,entrincheiramento,200,pareto,1.16,100,21,1.0,30,10000,0.0,0,0.0,0.0,0.0,5,1.0,0.0,rotatividade,produzido,0.249206,0.07131,30,42
20260703-013755,17,G11,entrincheiramento,200,pareto,1.16,100,21,1.0,30,10000,0.0,0,0.0,0.0,0.0,5,1.0,0.0,persistencia,stake,0.769841,0.056086,30,42
20260703-013755,17,G11,entrincheiramento,200,pareto,1.16,100,21,1.0,30,10000,0.0,0,0.0,0.0,0.0,5,1.0,0.0,persistencia,eleito,0.769841,0.056086,30,42
20260703-013755,17,G11,entrincheiramento,200,pareto,1.16,100,21,1.0,30,10000,0.0,0,0.0,0.0,0.0,5,1.0,0.0,persistencia,produzido,0.769841,0.056086,30,42
20260703-013755,17,G11,entrincheiramento,200,pareto,1.16,100,21,1.0,30,10000,0.0,0,0.0,0.0,0.0,5,1.0,0.0,permanencia_media,stake,4.280952,0.182892,30,42
20260703-013755,17,G11,entrincheiramento,200,pareto,1.16,100,21,1.0,30,10000,0.0,0,0.0,0.0,0.0,5,1.0,0.0,permanencia_media,eleito,4.280952,0.182892,30,42
20260703-013755,17,G11,entrincheiramento,200,pareto,1.16,100,21,1.0,30,10000,0.0,0,0.0,0.0,0.0,5,1.0,0.0,permanencia_media,produzido,4.280952,0.182892,30,42
20260703-013755,17,G11,entrincheiramento,200,pareto,1.16,100,21,1.0,30,10000,0.0,0,0.0,0.0,0.0,5,1.0,0.0,diversidade,stake,0.288254,0.024656,30,42
20260703-013755,17,G11,entrincheiramento,200,pareto,1.16,100,21,1.0,30,10000,0.0,0,0.0,0.0,0.0,5,1.0,0.0,diversidade,eleito,0.288254,0.024656,30,42
20260703-013755,17,G11,entrincheiramento,200,pareto,1.16,100,21,1.0,30,10000,0.0,0,0.0,0.0,0.0,5,1.0,0.0,diversidade,produzido,0.288254,0.024656,30,42
20260703-013755,18,G11,entrincheiramento,200,pareto,1.16,100,21,1.0,30,10000,0.0,0,0.0,0.0,0.0,10,1.0,0.0,rotatividade,stake,0.239506,0.069273,30,42
20260703-013755,18,G11,entrincheiramento,200,pareto,1.16,100,21,1.0,30,10000,0.0,0,0.0,0.0,0.0,10,1.0,0.0,rotatividade,eleito,0.239506,0.069273,30,42
20260703-013755,18,G11,entrincheiramento,200,pareto,1.16,100,21,1.0,30,10000,0.0,0,0.0,0.0,0.0,10,1.0,0.0,rotatividade,produzido,0.239506,0.069273,30,42
20260703-013755,18,G11,entrincheiramento,200,pareto,1.16,100,21,1.0,30,10000,0.0,0,0.0,0.0,0.0,10,1.0,0.0,persistencia,stake,0.719048,0.058578,30,42
20260703-013755,18,G11,entrincheiramento,200,pareto,1.16,100,21,1.0,30,10000,0.0,0,0.0,0.0,0.0,10,1.0,0.0,persistencia,eleito,0.719048,0.058578,30,42
20260703-013755,18,G11,entrincheiramento,200,pareto,1.16,100,21,1.0,30,10000,0.0,0,0.0,0.0,0.0,10,1.0,0.0,persistencia,produzido,0.719048,0.058578,30,42
20260703-013755,18,G11,entrincheiramento,200,pareto,1.16,100,21,1.0,30,10000,0.0,0,0.0,0.0,0.0,10,1.0,0.0,permanencia_media,stake,8.060317,0.441506,30,42
20260703-013755,18,G11,entrincheiramento,200,pareto,1.16,100,21,1.0,30,10000,0.0,0,0.0,0.0,0.0,10,1.0,0.0,permanencia_media,eleito,8.060317,0.441506,30,42
20260703-013755,18,G11,entrincheiramento,200,pareto,1.16,100,21,1.0,30,10000,0.0,0,0.0,0.0,0.0,10,1.0,0.0,permanencia_media,produzido,8.060317,0.441506,30,42
20260703-013755,18,G11,entrincheiramento,200,pareto,1.16,100,21,1.0,30,10000,0.0,0,0.0,0.0,0.0,10,1.0,0.0,diversidade,stake,0.17619,0.020497,30,42
20260703-013755,18,G11,entrincheiramento,200,pareto,1.16,100,21,1.0,30,10000,0.0,0,0.0,0.0,0.0,10,1.0,0.0,diversidade,eleito,0.17619,0.020497,30,42
20260703-013755,18,G11,entrincheiramento,200,pareto,1.16,100,21,1.0,30,10000,0.0,0,0.0,0.0,0.0,10,1.0,0.0,diversidade,produzido,0.17619,0.020497,30,42
20260703-013755,19,G11,entrincheiramento,200,pareto,1.16,150,21,1.0,30,10000,0.0,0,0.0,0.0,0.0,2,0.0,0.0,rotatividade,stake,0.539683,0.094435,30,42
20260703-013755,19,G11,entrincheiramento,200,pareto,1.16,150,21,1.0,30,10000,0.0,0,0.0,0.0,0.0,2,0.0,0.0,rotatividade,eleito,0.539683,0.094435,30,42
20260703-013755,19,G11,entrincheiramento,200,pareto,1.16,150,21,1.0,30,10000,0.0,0,0.0,0.0,0.0,2,0.0,0.0,rotatividade,produzido,0.539683,0.094435,30,42
20260703-013755,19,G11,entrincheiramento,200,pareto,1.16,150,21,1.0,30,10000,0.0,0,0.0,0.0,0.0,2,0.0,0.0,persistencia,stake,0.730159,0.047218,30,42
20260703-013755,19,G11,entrincheiramento,200,pareto,1.16,150,21,1.0,30,10000,0.0,0,0.0,0.0,0.0,2,0.0,0.0,persistencia,eleito,0.730159,0.047218,30,42
20260703-013755,19,G11,entrincheiramento,200,pareto,1.16,150,21,1.0,30,10000,0.0,0,0.0,0.0,0.0,2,0.0,0.0,persistencia,produzido,0.730159,0.047218,30,42
20260703-013755,19,G11,entrincheiramento,200,pareto,1.16,150,21,1.0,30,10000,0.0,0,0.0,0.0,0.0,2,0.0,0.0,permanencia_media,stake,1.730159,0.047218,30,42
20260703-013755,19,G11,entrincheiramento,200,pareto,1.16,150,21,1.0,30,10000,0.0,0,0.0,0.0,0.0,2,0.0,0.0,permanencia_media,eleito,1.730159,0.047218,30,42
20260703-013755,19,G11,entrincheiramento,200,pareto,1.16,150,21,1.0,30,10000,0.0,0,0.0,0.0,0.0,2,0.0,0.0,permanencia_media,produzido,1.730159,0.047218,30,42
20260703-013755,19,G11,entrincheiramento,200,pareto,1.16,150,21,1.0,30,10000,0.0,0,0.0,0.0,0.0,2,0.0,0.0,diversidade,stake,0.634921,0.023609,30,42
20260703-013755,19,G11,entrincheiramento,200,pareto,1.16,150,21,1.0,30,10000,0.0,0,0.0,0.0,0.0,2,0.0,0.0,diversidade,eleito,0.634921,0.023609,30,42
20260703-013755,19,G11,entrincheiramento,200,pareto,1.16,150,21,1.0,30,10000,0.0,0,0.0,0.0,0.0,2,0.0,0.0,diversidade,produzido,0.634921,0.023609,30,42
20260703-013755,20,G11,entrincheiramento,200,pareto,1.16,150,21,1.0,30,10000,0.0,0,0.0,0.0,0.0,5,0.0,0.0,rotatividade,stake,0.527778,0.074145,30,42
20260703-013755,20,G11,entrincheiramento,200,pareto,1.16,150,21,1.0,30,10000,0.0,0,0.0,0.0,0.0,5,0.0,0.0,rotatividade,eleito,0.527778,0.074145,30,42
20260703-013755,20,G11,entrincheiramento,200,pareto,1.16,150,21,1.0,30,10000,0.0,0,0.0,0.0,0.0,5,0.0,0.0,rotatividade,produzido,0.527778,0.074145,30,42
20260703-013755,20,G11,entrincheiramento,200,pareto,1.16,150,21,1.0,30,10000,0.0,0,0.0,0.0,0.0,5,0.0,0.0,persistencia,stake,0.580952,0.051492,30,42
20260703-013755,20,G11,entrincheiramento,200,pareto,1.16,150,21,1.0,30,10000,0.0,0,0.0,0.0,0.0,5,0.0,0.0,persistencia,eleito,0.580952,0.051492,30,42
20260703-013755,20,G11,entrincheiramento,200,pareto,1.16,150,21,1.0,30,10000,0.0,0,0.0,0.0,0.0,5,0.0,0.0,persistencia,produzido,0.580952,0.051492,30,42
20260703-013755,20,G11,entrincheiramento,200,pareto,1.16,150,21,1.0,30,10000,0.0,0,0.0,0.0,0.0,5,0.0,0.0,permanencia_media,stake,3.542857,0.182632,30,42
20260703-013755,20,G11,entrincheiramento,200,pareto,1.16,150,21,1.0,30,10000,0.0,0,0.0,0.0,0.0,5,0.0,0.0,permanencia_media,eleito,3.542857,0.182632,30,42
20260703-013755,20,G11,entrincheiramento,200,pareto,1.16,150,21,1.0,30,10000,0.0,0,0.0,0.0,0.0,5,0.0,0.0,permanencia_media,produzido,3.542857,0.182632,30,42
20260703-013755,20,G11,entrincheiramento,200,pareto,1.16,150,21,1.0,30,10000,0.0,0,0.0,0.0,0.0,5,0.0,0.0,diversidade,stake,0.351429,0.026495,30,42
20260703-013755,20,G11,entrincheiramento,200,pareto,1.16,150,21,1.0,30,10000,0.0,0,0.0,0.0,0.0,5,0.0,0.0,diversidade,eleito,0.351429,0.026495,30,42
20260703-013755,20,G11,entrincheiramento,200,pareto,1.16,150,21,1.0,30,10000,0.0,0,0.0,0.0,0.0,5,0.0,0.0,diversidade,produzido,0.351429,0.026495,30,42
20260703-013755,21,G11,entrincheiramento,200,pareto,1.16,150,21,1.0,30,10000,0.0,0,0.0,0.0,0.0,10,0.0,0.0,rotatividade,stake,0.553439,0.079264,30,42
20260703-013755,21,G11,entrincheiramento,200,pareto,1.16,150,21,1.0,30,10000,0.0,0,0.0,0.0,0.0,10,0.0,0.0,rotatividade,eleito,0.553439,0.079264,30,42
20260703-013755,21,G11,entrincheiramento,200,pareto,1.16,150,21,1.0,30,10000,0.0,0,0.0,0.0,0.0,10,0.0,0.0,rotatividade,produzido,0.553439,0.079264,30,42
20260703-013755,21,G11,entrincheiramento,200,pareto,1.16,150,21,1.0,30,10000,0.0,0,0.0,0.0,0.0,10,0.0,0.0,persistencia,stake,0.533333,0.051492,30,42
20260703-013755,21,G11,entrincheiramento,200,pareto,1.16,150,21,1.0,30,10000,0.0,0,0.0,0.0,0.0,10,0.0,0.0,persistencia,eleito,0.533333,0.051492,30,42
20260703-013755,21,G11,entrincheiramento,200,pareto,1.16,150,21,1.0,30,10000,0.0,0,0.0,0.0,0.0,10,0.0,0.0,persistencia,produzido,0.533333,0.051492,30,42
20260703-013755,21,G11,entrincheiramento,200,pareto,1.16,150,21,1.0,30,10000,0.0,0,0.0,0.0,0.0,10,0.0,0.0,permanencia_media,stake,6.238095,0.439553,30,42
20260703-013755,21,G11,entrincheiramento,200,pareto,1.16,150,21,1.0,30,10000,0.0,0,0.0,0.0,0.0,10,0.0,0.0,permanencia_media,eleito,6.238095,0.439553,30,42
20260703-013755,21,G11,entrincheiramento,200,pareto,1.16,150,21,1.0,30,10000,0.0,0,0.0,0.0,0.0,10,0.0,0.0,permanencia_media,produzido,6.238095,0.439553,30,42
20260703-013755,21,G11,entrincheiramento,200,pareto,1.16,150,21,1.0,30,10000,0.0,0,0.0,0.0,0.0,10,0.0,0.0,diversidade,stake,0.229365,0.02431,30,42
20260703-013755,21,G11,entrincheiramento,200,pareto,1.16,150,21,1.0,30,10000,0.0,0,0.0,0.0,0.0,10,0.0,0.0,diversidade,eleito,0.229365,0.02431,30,42
20260703-013755,21,G11,entrincheiramento,200,pareto,1.16,150,21,1.0,30,10000,0.0,0,0.0,0.0,0.0,10,0.0,0.0,diversidade,produzido,0.229365,0.02431,30,42
20260703-013755,22,G11,entrincheiramento,200,pareto,1.16,150,21,1.0,30,10000,0.0,0,0.0,0.0,0.0,2,0.5,0.0,rotatividade,stake,0.390476,0.082199,30,42
20260703-013755,22,G11,entrincheiramento,200,pareto,1.16,150,21,1.0,30,10000,0.0,0,0.0,0.0,0.0,2,0.5,0.0,rotatividade,eleito,0.390476,0.082199,30,42
20260703-013755,22,G11,entrincheiramento,200,pareto,1.16,150,21,1.0,30,10000,0.0,0,0.0,0.0,0.0,2,0.5,0.0,rotatividade,produzido,0.390476,0.082199,30,42
20260703-013755,22,G11,entrincheiramento,200,pareto,1.16,150,21,1.0,30,10000,0.0,0,0.0,0.0,0.0,2,0.5,0.0,persistencia,stake,0.804762,0.041099,30,42
20260703-013755,22,G11,entrincheiramento,200,pareto,1.16,150,21,1.0,30,10000,0.0,0,0.0,0.0,0.0,2,0.5,0.0,persistencia,eleito,0.804762,0.041099,30,42
20260703-013755,22,G11,entrincheiramento,200,pareto,1.16,150,21,1.0,30,10000,0.0,0,0.0,0.0,0.0,2,0.5,0.0,persistencia,produzido,0.804762,0.041099,30,42
20260703-013755,22,G11,entrincheiramento,200,pareto,1.16,150,21,1.0,30,10000,0.0,0,0.0,0.0,0.0,2,0.5,0.0,permanencia_media,stake,1.804762,0.041099,30,42
20260703-013755,22,G11,entrincheiramento,200,pareto,1.16,150,21,1.0,30,10000,0.0,0,0.0,0.0,0.0,2,0.5,0.0,permanencia_media,eleito,1.804762,0.041099,30,42
20260703-013755,22,G11,entrincheiramento,200,pareto,1.16,150,21,1.0,30,10000,0.0,0,0.0,0.0,0.0,2,0.5,0.0,permanencia_media,produzido,1.804762,0.041099,30,42
20260703-013755,22,G11,entrincheiramento,200,pareto,1.16,150,21,1.0,30,10000,0.0,0,0.0,0.0,0.0,2,0.5,0.0,diversidade,stake,0.597619,0.02055,30,42
20260703-013755,22,G11,entrincheiramento,200,pareto,1.16,150,21,1.0,30,10000,0.0,0,0.0,0.0,0.0,2,0.5,0.0,diversidade,eleito,0.597619,0.02055,30,42
20260703-013755,22,G11,entrincheiramento,200,pareto,1.16,150,21,1.0,30,10000,0.0,0,0.0,0.0,0.0,2,0.5,0.0,diversidade,produzido,0.597619,0.02055,30,42
20260703-013755,23,G11,entrincheiramento,200,pareto,1.16,150,21,1.0,30,10000,0.0,0,0.0,0.0,0.0,5,0.5,0.0,rotatividade,stake,0.347619,0.078746,30,42
20260703-013755,23,G11,entrincheiramento,200,pareto,1.16,150,21,1.0,30,10000,0.0,0,0.0,0.0,0.0,5,0.5,0.0,rotatividade,eleito,0.347619,0.078746,30,42
20260703-013755,23,G11,entrincheiramento,200,pareto,1.16,150,21,1.0,30,10000,0.0,0,0.0,0.0,0.0,5,0.5,0.0,rotatividade,produzido,0.347619,0.078746,30,42
20260703-013755,23,G11,entrincheiramento,200,pareto,1.16,150,21,1.0,30,10000,0.0,0,0.0,0.0,0.0,5,0.5,0.0,persistencia,stake,0.706349,0.054822,30,42
20260703-013755,23,G11,entrincheiramento,200,pareto,1.16,150,21,1.0,30,10000,0.0,0,0.0,0.0,0.0,5,0.5,0.0,persistencia,eleito,0.706349,0.054822,30,42
20260703-013755,23,G11,entrincheiramento,200,pareto,1.16,150,21,1.0,30,10000,0.0,0,0.0,0.0,0.0,5,0.5,0.0,persistencia,produzido,0.706349,0.054822,30,42
20260703-013755,23,G11,entrincheiramento,200,pareto,1.16,150,21,1.0,30,10000,0.0,0,0.0,0.0,0.0,5,0.5,0.0,permanencia_media,stake,4.038095,0.201742,30,42
20260703-013755,23,G11,entrincheiramento,200,pareto,1.16,150,21,1.0,30,10000,0.0,0,0.0,0.0,0.0,5,0.5,0.0,permanencia_media,eleito,4.038095,0.201742,30,42
20260703-013755,23,G11,entrincheiramento,200,pareto,1.16,150,21,1.0,30,10000,0.0,0,0.0,0.0,0.0,5,0.5,0.0,permanencia_media,produzido,4.038095,0.201742,30,42
20260703-013755,23,G11,entrincheiramento,200,pareto,1.16,150,21,1.0,30,10000,0.0,0,0.0,0.0,0.0,5,0.5,0.0,diversidade,stake,0.315873,0.026627,30,42
20260703-013755,23,G11,entrincheiramento,200,pareto,1.16,150,21,1.0,30,10000,0.0,0,0.0,0.0,0.0,5,0.5,0.0,diversidade,eleito,0.315873,0.026627,30,42
20260703-013755,23,G11,entrincheiramento,200,pareto,1.16,150,21,1.0,30,10000,0.0,0,0.0,0.0,0.0,5,0.5,0.0,diversidade,produzido,0.315873,0.026627,30,42
20260703-013755,24,G11,entrincheiramento,200,pareto,1.16,150,21,1.0,30,10000,0.0,0,0.0,0.0,0.0,10,0.5,0.0,rotatividade,stake,0.35485,0.084602,30,42
20260703-013755,24,G11,entrincheiramento,200,pareto,1.16,150,21,1.0,30,10000,0.0,0,0.0,0.0,0.0,10,0.5,0.0,rotatividade,eleito,0.35485,0.084602,30,42
20260703-013755,24,G11,entrincheiramento,200,pareto,1.16,150,21,1.0,30,10000,0.0,0,0.0,0.0,0.0,10,0.5,0.0,rotatividade,produzido,0.35485,0.084602,30,42
20260703-013755,24,G11,entrincheiramento,200,pareto,1.16,150,21,1.0,30,10000,0.0,0,0.0,0.0,0.0,10,0.5,0.0,persistencia,stake,0.650794,0.061085,30,42
20260703-013755,24,G11,entrincheiramento,200,pareto,1.16,150,21,1.0,30,10000,0.0,0,0.0,0.0,0.0,10,0.5,0.0,persistencia,eleito,0.650794,0.061085,30,42
20260703-013755,24,G11,entrincheiramento,200,pareto,1.16,150,21,1.0,30,10000,0.0,0,0.0,0.0,0.0,10,0.5,0.0,persistencia,produzido,0.650794,0.061085,30,42
20260703-013755,24,G11,entrincheiramento,200,pareto,1.16,150,21,1.0,30,10000,0.0,0,0.0,0.0,0.0,10,0.5,0.0,permanencia_media,stake,7.409524,0.526123,30,42
20260703-013755,24,G11,entrincheiramento,200,pareto,1.16,150,21,1.0,30,10000,0.0,0,0.0,0.0,0.0,10,0.5,0.0,permanencia_media,eleito,7.409524,0.526123,30,42
20260703-013755,24,G11,entrincheiramento,200,pareto,1.16,150,21,1.0,30,10000,0.0,0,0.0,0.0,0.0,10,0.5,0.0,permanencia_media,produzido,7.409524,0.526123,30,42
20260703-013755,24,G11,entrincheiramento,200,pareto,1.16,150,21,1.0,30,10000,0.0,0,0.0,0.0,0.0,10,0.5,0.0,diversidade,stake,0.203492,0.024527,30,42
20260703-013755,24,G11,entrincheiramento,200,pareto,1.16,150,21,1.0,30,10000,0.0,0,0.0,0.0,0.0,10,0.5,0.0,diversidade,eleito,0.203492,0.024527,30,42
20260703-013755,24,G11,entrincheiramento,200,pareto,1.16,150,21,1.0,30,10000,0.0,0,0.0,0.0,0.0,10,0.5,0.0,diversidade,produzido,0.203492,0.024527,30,42
20260703-013755,25,G11,entrincheiramento,200,pareto,1.16,150,21,1.0,30,10000,0.0,0,0.0,0.0,0.0,2,1.0,0.0,rotatividade,stake,0.311111,0.090803,30,42
20260703-013755,25,G11,entrincheiramento,200,pareto,1.16,150,21,1.0,30,10000,0.0,0,0.0,0.0,0.0,2,1.0,0.0,rotatividade,eleito,0.311111,0.090803,30,42
20260703-013755,25,G11,entrincheiramento,200,pareto,1.16,150,21,1.0,30,10000,0.0,0,0.0,0.0,0.0,2,1.0,0.0,rotatividade,produzido,0.311111,0.090803,30,42
20260703-013755,25,G11,entrincheiramento,200,pareto,1.16,150,21,1.0,30,10000,0.0,0,0.0,0.0,0.0,2,1.0,0.0,persistencia,stake,0.844444,0.045401,30,42
20260703-013755,25,G11,entrincheiramento,200,pareto,1.16,150,21,1.0,30,10000,0.0,0,0.0,0.0,0.0,2,1.0,0.0,persistencia,eleito,0.844444,0.045401,30,42
20260703-013755,25,G11,entrincheiramento,200,pareto,1.16,150,21,1.0,30,10000,0.0,0,0.0,0.0,0.0,2,1.0,0.0,persistencia,produzido,0.844444,0.045401,30,42
20260703-013755,25,G11,entrincheiramento,200,pareto,1.16,150,21,1.0,30,10000,0.0,0,0.0,0.0,0.0,2,1.0,0.0,permanencia_media,stake,1.844444,0.045401,30,42
20260703-013755,25,G11,entrincheiramento,200,pareto,1.16,150,21,1.0,30,10000,0.0,0,0.0,0.0,0.0,2,1.0,0.0,permanencia_media,eleito,1.844444,0.045401,30,42
20260703-013755,25,G11,entrincheiramento,200,pareto,1.16,150,21,1.0,30,10000,0.0,0,0.0,0.0,0.0,2,1.0,0.0,permanencia_media,produzido,1.844444,0.045401,30,42
20260703-013755,25,G11,entrincheiramento,200,pareto,1.16,150,21,1.0,30,10000,0.0,0,0.0,0.0,0.0,2,1.0,0.0,diversidade,stake,0.577778,0.022701,30,42
20260703-013755,25,G11,entrincheiramento,200,pareto,1.16,150,21,1.0,30,10000,0.0,0,0.0,0.0,0.0,2,1.0,0.0,diversidade,eleito,0.577778,0.022701,30,42
20260703-013755,25,G11,entrincheiramento,200,pareto,1.16,150,21,1.0,30,10000,0.0,0,0.0,0.0,0.0,2,1.0,0.0,diversidade,produzido,0.577778,0.022701,30,42
20260703-013755,26,G11,entrincheiramento,200,pareto,1.16,150,21,1.0,30,10000,0.0,0,0.0,0.0,0.0,5,1.0,0.0,rotatividade,stake,0.270635,0.076255,30,42
20260703-013755,26,G11,entrincheiramento,200,pareto,1.16,150,21,1.0,30,10000,0.0,0,0.0,0.0,0.0,5,1.0,0.0,rotatividade,eleito,0.270635,0.076255,30,42
20260703-013755,26,G11,entrincheiramento,200,pareto,1.16,150,21,1.0,30,10000,0.0,0,0.0,0.0,0.0,5,1.0,0.0,rotatividade,produzido,0.270635,0.076255,30,42
20260703-013755,26,G11,entrincheiramento,200,pareto,1.16,150,21,1.0,30,10000,0.0,0,0.0,0.0,0.0,5,1.0,0.0,persistencia,stake,0.755556,0.055123,30,42
20260703-013755,26,G11,entrincheiramento,200,pareto,1.16,150,21,1.0,30,10000,0.0,0,0.0,0.0,0.0,5,1.0,0.0,persistencia,eleito,0.755556,0.055123,30,42
20260703-013755,26,G11,entrincheiramento,200,pareto,1.16,150,21,1.0,30,10000,0.0,0,0.0,0.0,0.0,5,1.0,0.0,persistencia,produzido,0.755556,0.055123,30,42
20260703-013755,26,G11,entrincheiramento,200,pareto,1.16,150,21,1.0,30,10000,0.0,0,0.0,0.0,0.0,5,1.0,0.0,permanencia_media,stake,4.222222,0.193997,30,42
20260703-013755,26,G11,entrincheiramento,200,pareto,1.16,150,21,1.0,30,10000,0.0,0,0.0,0.0,0.0,5,1.0,0.0,permanencia_media,eleito,4.222222,0.193997,30,42
20260703-013755,26,G11,entrincheiramento,200,pareto,1.16,150,21,1.0,30,10000,0.0,0,0.0,0.0,0.0,5,1.0,0.0,permanencia_media,produzido,4.222222,0.193997,30,42
20260703-013755,26,G11,entrincheiramento,200,pareto,1.16,150,21,1.0,30,10000,0.0,0,0.0,0.0,0.0,5,1.0,0.0,diversidade,stake,0.295873,0.026428,30,42
20260703-013755,26,G11,entrincheiramento,200,pareto,1.16,150,21,1.0,30,10000,0.0,0,0.0,0.0,0.0,5,1.0,0.0,diversidade,eleito,0.295873,0.026428,30,42
20260703-013755,26,G11,entrincheiramento,200,pareto,1.16,150,21,1.0,30,10000,0.0,0,0.0,0.0,0.0,5,1.0,0.0,diversidade,produzido,0.295873,0.026428,30,42
20260703-013755,27,G11,entrincheiramento,200,pareto,1.16,150,21,1.0,30,10000,0.0,0,0.0,0.0,0.0,10,1.0,0.0,rotatividade,stake,0.263139,0.07704,30,42
20260703-013755,27,G11,entrincheiramento,200,pareto,1.16,150,21,1.0,30,10000,0.0,0,0.0,0.0,0.0,10,1.0,0.0,rotatividade,eleito,0.263139,0.07704,30,42
20260703-013755,27,G11,entrincheiramento,200,pareto,1.16,150,21,1.0,30,10000,0.0,0,0.0,0.0,0.0,10,1.0,0.0,rotatividade,produzido,0.263139,0.07704,30,42
20260703-013755,27,G11,entrincheiramento,200,pareto,1.16,150,21,1.0,30,10000,0.0,0,0.0,0.0,0.0,10,1.0,0.0,persistencia,stake,0.701587,0.058335,30,42
20260703-013755,27,G11,entrincheiramento,200,pareto,1.16,150,21,1.0,30,10000,0.0,0,0.0,0.0,0.0,10,1.0,0.0,persistencia,eleito,0.701587,0.058335,30,42
20260703-013755,27,G11,entrincheiramento,200,pareto,1.16,150,21,1.0,30,10000,0.0,0,0.0,0.0,0.0,10,1.0,0.0,persistencia,produzido,0.701587,0.058335,30,42
20260703-013755,27,G11,entrincheiramento,200,pareto,1.16,150,21,1.0,30,10000,0.0,0,0.0,0.0,0.0,10,1.0,0.0,permanencia_media,stake,7.92381,0.479087,30,42
20260703-013755,27,G11,entrincheiramento,200,pareto,1.16,150,21,1.0,30,10000,0.0,0,0.0,0.0,0.0,10,1.0,0.0,permanencia_media,eleito,7.92381,0.479087,30,42
20260703-013755,27,G11,entrincheiramento,200,pareto,1.16,150,21,1.0,30,10000,0.0,0,0.0,0.0,0.0,10,1.0,0.0,permanencia_media,produzido,7.92381,0.479087,30,42
20260703-013755,27,G11,entrincheiramento,200,pareto,1.16,150,21,1.0,30,10000,0.0,0,0.0,0.0,0.0,10,1.0,0.0,diversidade,stake,0.188095,0.023784,30,42
20260703-013755,27,G11,entrincheiramento,200,pareto,1.16,150,21,1.0,30,10000,0.0,0,0.0,0.0,0.0,10,1.0,0.0,diversidade,eleito,0.188095,0.023784,30,42
20260703-013755,27,G11,entrincheiramento,200,pareto,1.16,150,21,1.0,30,10000,0.0,0,0.0,0.0,0.0,10,1.0,0.0,diversidade,produzido,0.188095,0.023784,30,42
20260703-013755,28,G11,entrincheiramento,500,pareto,1.16,50,21,1.0,30,10000,0.0,0,0.0,0.0,0.0,2,0.0,0.0,rotatividade,stake,0.355556,0.057956,30,42
20260703-013755,28,G11,entrincheiramento,500,pareto,1.16,50,21,1.0,30,10000,0.0,0,0.0,0.0,0.0,2,0.0,0.0,rotatividade,eleito,0.355556,0.057956,30,42
20260703-013755,28,G11,entrincheiramento,500,pareto,1.16,50,21,1.0,30,10000,0.0,0,0.0,0.0,0.0,2,0.0,0.0,rotatividade,produzido,0.355556,0.057956,30,42
20260703-013755,28,G11,entrincheiramento,500,pareto,1.16,50,21,1.0,30,10000,0.0,0,0.0,0.0,0.0,2,0.0,0.0,persistencia,stake,0.822222,0.028978,30,42
20260703-013755,28,G11,entrincheiramento,500,pareto,1.16,50,21,1.0,30,10000,0.0,0,0.0,0.0,0.0,2,0.0,0.0,persistencia,eleito,0.822222,0.028978,30,42
20260703-013755,28,G11,entrincheiramento,500,pareto,1.16,50,21,1.0,30,10000,0.0,0,0.0,0.0,0.0,2,0.0,0.0,persistencia,produzido,0.822222,0.028978,30,42
20260703-013755,28,G11,entrincheiramento,500,pareto,1.16,50,21,1.0,30,10000,0.0,0,0.0,0.0,0.0,2,0.0,0.0,permanencia_media,stake,1.822222,0.028978,30,42
20260703-013755,28,G11,entrincheiramento,500,pareto,1.16,50,21,1.0,30,10000,0.0,0,0.0,0.0,0.0,2,0.0,0.0,permanencia_media,eleito,1.822222,0.028978,30,42
20260703-013755,28,G11,entrincheiramento,500,pareto,1.16,50,21,1.0,30,10000,0.0,0,0.0,0.0,0.0,2,0.0,0.0,permanencia_media,produzido,1.822222,0.028978,30,42
20260703-013755,28,G11,entrincheiramento,500,pareto,1.16,50,21,1.0,30,10000,0.0,0,0.0,0.0,0.0,2,0.0,0.0,diversidade,stake,0.588889,0.014489,30,42
20260703-013755,28,G11,entrincheiramento,500,pareto,1.16,50,21,1.0,30,10000,0.0,0,0.0,0.0,0.0,2,0.0,0.0,diversidade,eleito,0.588889,0.014489,30,42
20260703-013755,28,G11,entrincheiramento,500,pareto,1.16,50,21,1.0,30,10000,0.0,0,0.0,0.0,0.0,2,0.0,0.0,diversidade,produzido,0.588889,0.014489,30,42
20260703-013755,29,G11,entrincheiramento,500,pareto,1.16,50,21,1.0,30,10000,0.0,0,0.0,0.0,0.0,5,0.0,0.0,rotatividade,stake,0.348413,0.053816,30,42
20260703-013755,29,G11,entrincheiramento,500,pareto,1.16,50,21,1.0,30,10000,0.0,0,0.0,0.0,0.0,5,0.0,0.0,rotatividade,eleito,0.348413,0.053816,30,42
20260703-013755,29,G11,entrincheiramento,500,pareto,1.16,50,21,1.0,30,10000,0.0,0,0.0,0.0,0.0,5,0.0,0.0,rotatividade,produzido,0.348413,0.053816,30,42
20260703-013755,29,G11,entrincheiramento,500,pareto,1.16,50,21,1.0,30,10000,0.0,0,0.0,0.0,0.0,5,0.0,0.0,persistencia,stake,0.7,0.040063,30,42
20260703-013755,29,G11,entrincheiramento,500,pareto,1.16,50,21,1.0,30,10000,0.0,0,0.0,0.0,0.0,5,0.0,0.0,persistencia,eleito,0.7,0.040063,30,42
20260703-013755,29,G11,entrincheiramento,500,pareto,1.16,50,21,1.0,30,10000,0.0,0,0.0,0.0,0.0,5,0.0,0.0,persistencia,produzido,0.7,0.040063,30,42
20260703-013755,29,G11,entrincheiramento,500,pareto,1.16,50,21,1.0,30,10000,0.0,0,0.0,0.0,0.0,5,0.0,0.0,permanencia_media,stake,4.025397,0.14128,30,42
20260703-013755,29,G11,entrincheiramento,500,pareto,1.16,50,21,1.0,30,10000,0.0,0,0.0,0.0,0.0,5,0.0,0.0,permanencia_media,eleito,4.025397,0.14128,30,42
20260703-013755,29,G11,entrincheiramento,500,pareto,1.16,50,21,1.0,30,10000,0.0,0,0.0,0.0,0.0,5,0.0,0.0,permanencia_media,produzido,4.025397,0.14128,30,42
20260703-013755,29,G11,entrincheiramento,500,pareto,1.16,50,21,1.0,30,10000,0.0,0,0.0,0.0,0.0,5,0.0,0.0,diversidade,stake,0.285397,0.016097,30,42
20260703-013755,29,G11,entrincheiramento,500,pareto,1.16,50,21,1.0,30,10000,0.0,0,0.0,0.0,0.0,5,0.0,0.0,diversidade,eleito,0.285397,0.016097,30,42
20260703-013755,29,G11,entrincheiramento,500,pareto,1.16,50,21,1.0,30,10000,0.0,0,0.0,0.0,0.0,5,0.0,0.0,diversidade,produzido,0.285397,0.016097,30,42
20260703-013755,30,G11,entrincheiramento,500,pareto,1.16,50,21,1.0,30,10000,0.0,0,0.0,0.0,0.0,10,0.0,0.0,rotatividade,stake,0.346384,0.05246,30,42
20260703-013755,30,G11,entrincheiramento,500,pareto,1.16,50,21,1.0,30,10000,0.0,0,0.0,0.0,0.0,10,0.0,0.0,rotatividade,eleito,0.346384,0.05246,30,42
20260703-013755,30,G11,entrincheiramento,500,pareto,1.16,50,21,1.0,30,10000,0.0,0,0.0,0.0,0.0,10,0.0,0.0,rotatividade,produzido,0.346384,0.05246,30,42
20260703-013755,30,G11,entrincheiramento,500,pareto,1.16,50,21,1.0,30,10000,0.0,0,0.0,0.0,0.0,10,0.0,0.0,persistencia,stake,0.650794,0.045709,30,42
20260703-013755,30,G11,entrincheiramento,500,pareto,1.16,50,21,1.0,30,10000,0.0,0,0.0,0.0,0.0,10,0.0,0.0,persistencia,eleito,0.650794,0.045709,30,42
20260703-013755,30,G11,entrincheiramento,500,pareto,1.16,50,21,1.0,30,10000,0.0,0,0.0,0.0,0.0,10,0.0,0.0,persistencia,produzido,0.650794,0.045709,30,42
20260703-013755,30,G11,entrincheiramento,500,pareto,1.16,50,21,1.0,30,10000,0.0,0,0.0,0.0,0.0,10,0.0,0.0,permanencia_media,stake,7.365079,0.377556,30,42
20260703-013755,30,G11,entrincheiramento,500,pareto,1.16,50,21,1.0,30,10000,0.0,0,0.0,0.0,0.0,10,0.0,0.0,permanencia_media,eleito,7.365079,0.377556,30,42
20260703-013755,30,G11,entrincheiramento,500,pareto,1.16,50,21,1.0,30,10000,0.0,0,0.0,0.0,0.0,10,0.0,0.0,permanencia_media,produzido,7.365079,0.377556,30,42
20260703-013755,30,G11,entrincheiramento,500,pareto,1.16,50,21,1.0,30,10000,0.0,0,0.0,0.0,0.0,10,0.0,0.0,diversidade,stake,0.159206,0.010377,30,42
20260703-013755,30,G11,entrincheiramento,500,pareto,1.16,50,21,1.0,30,10000,0.0,0,0.0,0.0,0.0,10,0.0,0.0,diversidade,eleito,0.159206,0.010377,30,42
20260703-013755,30,G11,entrincheiramento,500,pareto,1.16,50,21,1.0,30,10000,0.0,0,0.0,0.0,0.0,10,0.0,0.0,diversidade,produzido,0.159206,0.010377,30,42
20260703-013755,31,G11,entrincheiramento,500,pareto,1.16,50,21,1.0,30,10000,0.0,0,0.0,0.0,0.0,2,0.5,0.0,rotatividade,stake,0.174603,0.061412,30,42
20260703-013755,31,G11,entrincheiramento,500,pareto,1.16,50,21,1.0,30,10000,0.0,0,0.0,0.0,0.0,2,0.5,0.0,rotatividade,eleito,0.174603,0.061412,30,42
20260703-013755,31,G11,entrincheiramento,500,pareto,1.16,50,21,1.0,30,10000,0.0,0,0.0,0.0,0.0,2,0.5,0.0,rotatividade,produzido,0.174603,0.061412,30,42
20260703-013755,31,G11,entrincheiramento,500,pareto,1.16,50,21,1.0,30,10000,0.0,0,0.0,0.0,0.0,2,0.5,0.0,persistencia,stake,0.912698,0.030706,30,42
20260703-013755,31,G11,entrincheiramento,500,pareto,1.16,50,21,1.0,30,10000,0.0,0,0.0,0.0,0.0,2,0.5,0.0,persistencia,eleito,0.912698,0.030706,30,42
20260703-013755,31,G11,entrincheiramento,500,pareto,1.16,50,21,1.0,30,10000,0.0,0,0.0,0.0,0.0,2,0.5,0.0,persistencia,produzido,0.912698,0.030706,30,42
20260703-013755,31,G11,entrincheiramento,500,pareto,1.16,50,21,1.0,30,10000,0.0,0,0.0,0.0,0.0,2,0.5,0.0,permanencia_media,stake,1.912698,0.030706,30,42
20260703-013755,31,G11,entrincheiramento,500,pareto,1.16,50,21,1.0,30,10000,0.0,0,0.0,0.0,0.0,2,0.5,0.0,permanencia_media,eleito,1.912698,0.030706,30,42
20260703-013755,31,G11,entrincheiramento,500,pareto,1.16,50,21,1.0,30,10000,0.0,0,0.0,0.0,0.0,2,0.5,0.0,permanencia_media,produzido,1.912698,0.030706,30,42
20260703-013755,31,G11,entrincheiramento,500,pareto,1.16,50,21,1.0,30,10000,0.0,0,0.0,0.0,0.0,2,0.5,0.0,diversidade,stake,0.543651,0.015353,30,42
20260703-013755,31,G11,entrincheiramento,500,pareto,1.16,50,21,1.0,30,10000,0.0,0,0.0,0.0,0.0,2,0.5,0.0,diversidade,eleito,0.543651,0.015353,30,42
20260703-013755,31,G11,entrincheiramento,500,pareto,1.16,50,21,1.0,30,10000,0.0,0,0.0,0.0,0.0,2,0.5,0.0,diversidade,produzido,0.543651,0.015353,30,42
20260703-013755,32,G11,entrincheiramento,500,pareto,1.16,50,21,1.0,30,10000,0.0,0,0.0,0.0,0.0,5,0.5,0.0,rotatividade,stake,0.163492,0.051837,30,42
20260703-013755,32,G11,entrincheiramento,500,pareto,1.16,50,21,1.0,30,10000,0.0,0,0.0,0.0,0.0,5,0.5,0.0,rotatividade,eleito,0.163492,0.051837,30,42
20260703-013755,32,G11,entrincheiramento,500,pareto,1.16,50,21,1.0,30,10000,0.0,0,0.0,0.0,0.0,5,0.5,0.0,rotatividade,produzido,0.163492,0.051837,30,42
20260703-013755,32,G11,entrincheiramento,500,pareto,1.16,50,21,1.0,30,10000,0.0,0,0.0,0.0,0.0,5,0.5,0.0,persistencia,stake,0.831746,0.042391,30,42
20260703-013755,32,G11,entrincheiramento,500,pareto,1.16,50,21,1.0,30,10000,0.0,0,0.0,0.0,0.0,5,0.5,0.0,persistencia,eleito,0.831746,0.042391,30,42
20260703-013755,32,G11,entrincheiramento,500,pareto,1.16,50,21,1.0,30,10000,0.0,0,0.0,0.0,0.0,5,0.5,0.0,persistencia,produzido,0.831746,0.042391,30,42
20260703-013755,32,G11,entrincheiramento,500,pareto,1.16,50,21,1.0,30,10000,0.0,0,0.0,0.0,0.0,5,0.5,0.0,permanencia_media,stake,4.488889,0.142001,30,42
20260703-013755,32,G11,entrincheiramento,500,pareto,1.16,50,21,1.0,30,10000,0.0,0,0.0,0.0,0.0,5,0.5,0.0,permanencia_media,eleito,4.488889,0.142001,30,42
20260703-013755,32,G11,entrincheiramento,500,pareto,1.16,50,21,1.0,30,10000,0.0,0,0.0,0.0,0.0,5,0.5,0.0,permanencia_media,produzido,4.488889,0.142001,30,42
20260703-013755,32,G11,entrincheiramento,500,pareto,1.16,50,21,1.0,30,10000,0.0,0,0.0,0.0,0.0,5,0.5,0.0,diversidade,stake,0.252063,0.015521,30,42
20260703-013755,32,G11,entrincheiramento,500,pareto,1.16,50,21,1.0,30,10000,0.0,0,0.0,0.0,0.0,5,0.5,0.0,diversidade,eleito,0.252063,0.015521,30,42
20260703-013755,32,G11,entrincheiramento,500,pareto,1.16,50,21,1.0,30,10000,0.0,0,0.0,0.0,0.0,5,0.5,0.0,diversidade,produzido,0.252063,0.015521,30,42
20260703-013755,33,G11,entrincheiramento,500,pareto,1.16,50,21,1.0,30,10000,0.0,0,0.0,0.0,0.0,10,0.5,0.0,rotatividade,stake,0.149559,0.049079,30,42
20260703-013755,33,G11,entrincheiramento,500,pareto,1.16,50,21,1.0,30,10000,0.0,0,0.0,0.0,0.0,10,0.5,0.0,rotatividade,eleito,0.149559,0.049079,30,42
20260703-013755,33,G11,entrincheiramento,500,pareto,1.16,50,21,1.0,30,10000,0.0,0,0.0,0.0,0.0,10,0.5,0.0,rotatividade,produzido,0.149559,0.049079,30,42
20260703-013755,33,G11,entrincheiramento,500,pareto,1.16,50,21,1.0,30,10000,0.0,0,0.0,0.0,0.0,10,0.5,0.0,persistencia,stake,0.785714,0.046452,30,42
20260703-013755,33,G11,entrincheiramento,500,pareto,1.16,50,21,1.0,30,10000,0.0,0,0.0,0.0,0.0,10,0.5,0.0,persistencia,eleito,0.785714,0.046452,30,42
20260703-013755,33,G11,entrincheiramento,500,pareto,1.16,50,21,1.0,30,10000,0.0,0,0.0,0.0,0.0,10,0.5,0.0,persistencia,produzido,0.785714,0.046452,30,42
20260703-013755,33,G11,entrincheiramento,500,pareto,1.16,50,21,1.0,30,10000,0.0,0,0.0,0.0,0.0,10,0.5,0.0,permanencia_media,stake,8.668254,0.345082,30,42
20260703-013755,33,G11,entrincheiramento,500,pareto,1.16,50,21,1.0,30,10000,0.0,0,0.0,0.0,0.0,10,0.5,0.0,permanencia_media,eleito,8.668254,0.345082,30,42
20260703-013755,33,G11,entrincheiramento,500,pareto,1.16,50,21,1.0,30,10000,0.0,0,0.0,0.0,0.0,10,0.5,0.0,permanencia_media,produzido,8.668254,0.345082,30,42
20260703-013755,33,G11,entrincheiramento,500,pareto,1.16,50,21,1.0,30,10000,0.0,0,0.0,0.0,0.0,10,0.5,0.0,diversidade,stake,0.140317,0.011753,30,42
20260703-013755,33,G11,entrincheiramento,500,pareto,1.16,50,21,1.0,30,10000,0.0,0,0.0,0.0,0.0,10,0.5,0.0,diversidade,eleito,0.140317,0.011753,30,42
20260703-013755,33,G11,entrincheiramento,500,pareto,1.16,50,21,1.0,30,10000,0.0,0,0.0,0.0,0.0,10,0.5,0.0,diversidade,produzido,0.140317,0.011753,30,42
20260703-013755,34,G11,entrincheiramento,500,pareto,1.16,50,21,1.0,30,10000,0.0,0,0.0,0.0,0.0,2,1.0,0.0,rotatividade,stake,0.120635,0.050576,30,42
20260703-013755,34,G11,entrincheiramento,500,pareto,1.16,50,21,1.0,30,10000,0.0,0,0.0,0.0,0.0,2,1.0,0.0,rotatividade,eleito,0.120635,0.050576,30,42
20260703-013755,34,G11,entrincheiramento,500,pareto,1.16,50,21,1.0,30,10000,0.0,0,0.0,0.0,0.0,2,1.0,0.0,rotatividade,produzido,0.120635,0.050576,30,42
20260703-013755,34,G11,entrincheiramento,500,pareto,1.16,50,21,1.0,30,10000,0.0,0,0.0,0.0,0.0,2,1.0,0.0,persistencia,stake,0.939683,0.025288,30,42
20260703-013755,34,G11,entrincheiramento,500,pareto,1.16,50,21,1.0,30,10000,0.0,0,0.0,0.0,0.0,2,1.0,0.0,persistencia,eleito,0.939683,0.025288,30,42
20260703-013755,34,G11,entrincheiramento,500,pareto,1.16,50,21,1.0,30,10000,0.0,0,0.0,0.0,0.0,2,1.0,0.0,persistencia,produzido,0.939683,0.025288,30,42
20260703-013755,34,G11,entrincheiramento,500,pareto,1.16,50,21,1.0,30,10000,0.0,0,0.0,0.0,0.0,2,1.0,0.0,permanencia_media,stake,1.939683,0.025288,30,42
20260703-013755,34,G11,entrincheiramento,500,pareto,1.16,50,21,1.0,30,10000,0.0,0,0.0,0.0,0.0,2,1.0,0.0,permanencia_media,eleito,1.939683,0.025288,30,42
20260703-013755,34,G11,entrincheiramento,500,pareto,1.16,50,21,1.0,30,10000,0.0,0,0.0,0.0,0.0,2,1.0,0.0,permanencia_media,produzido,1.939683,0.025288,30,42
20260703-013755,34,G11,entrincheiramento,500,pareto,1.16,50,21,1.0,30,10000,0.0,0,0.0,0.0,0.0,2,1.0,0.0,diversidade,stake,0.530159,0.012644,30,42
20260703-013755,34,G11,entrincheiramento,500,pareto,1.16,50,21,1.0,30,10000,0.0,0,0.0,0.0,0.0,2,1.0,0.0,diversidade,eleito,0.530159,0.012644,30,42
20260703-013755,34,G11,entrincheiramento,500,pareto,1.16,50,21,1.0,30,10000,0.0,0,0.0,0.0,0.0,2,1.0,0.0,diversidade,produzido,0.530159,0.012644,30,42
20260703-013755,35,G11,entrincheiramento,500,pareto,1.16,50,21,1.0,30,10000,0.0,0,0.0,0.0,0.0,5,1.0,0.0,rotatividade,stake,0.105556,0.043656,30,42
20260703-013755,35,G11,entrincheiramento,500,pareto,1.16,50,21,1.0,30,10000,0.0,0,0.0,0.0,0.0,5,1.0,0.0,rotatividade,eleito,0.105556,0.043656,30,42
20260703-013755,35,G11,entrincheiramento,500,pareto,1.16,50,21,1.0,30,10000,0.0,0,0.0,0.0,0.0,5,1.0,0.0,rotatividade,produzido,0.105556,0.043656,30,42
20260703-013755,35,G11,entrincheiramento,500,pareto,1.16,50,21,1.0,30,10000,0.0,0,0.0,0.0,0.0,5,1.0,0.0,persistencia,stake,0.874603,0.044183,30,42
20260703-013755,35,G11,entrincheiramento,500,pareto,1.16,50,21,1.0,30,10000,0.0,0,0.0,0.0,0.0,5,1.0,0.0,persistencia,eleito,0.874603,0.044183,30,42
20260703-013755,35,G11,entrincheiramento,500,pareto,1.16,50,21,1.0,30,10000,0.0,0,0.0,0.0,0.0,5,1.0,0.0,persistencia,produzido,0.874603,0.044183,30,42
20260703-013755,35,G11,entrincheiramento,500,pareto,1.16,50,21,1.0,30,10000,0.0,0,0.0,0.0,0.0,5,1.0,0.0,permanencia_media,stake,4.639683,0.141631,30,42
20260703-013755,35,G11,entrincheiramento,500,pareto,1.16,50,21,1.0,30,10000,0.0,0,0.0,0.0,0.0,5,1.0,0.0,permanencia_media,eleito,4.639683,0.141631,30,42
20260703-013755,35,G11,entrincheiramento,500,pareto,1.16,50,21,1.0,30,10000,0.0,0,0.0,0.0,0.0,5,1.0,0.0,permanencia_media,produzido,4.639683,0.141631,30,42
20260703-013755,35,G11,entrincheiramento,500,pareto,1.16,50,21,1.0,30,10000,0.0,0,0.0,0.0,0.0,5,1.0,0.0,diversidade,stake,0.235873,0.014339,30,42
20260703-013755,35,G11,entrincheiramento,500,pareto,1.16,50,21,1.0,30,10000,0.0,0,0.0,0.0,0.0,5,1.0,0.0,diversidade,eleito,0.235873,0.014339,30,42
20260703-013755,35,G11,entrincheiramento,500,pareto,1.16,50,21,1.0,30,10000,0.0,0,0.0,0.0,0.0,5,1.0,0.0,diversidade,produzido,0.235873,0.014339,30,42
20260703-013755,36,G11,entrincheiramento,500,pareto,1.16,50,21,1.0,30,10000,0.0,0,0.0,0.0,0.0,10,1.0,0.0,rotatividade,stake,0.09418,0.040922,30,42
20260703-013755,36,G11,entrincheiramento,500,pareto,1.16,50,21,1.0,30,10000,0.0,0,0.0,0.0,0.0,10,1.0,0.0,rotatividade,eleito,0.09418,0.040922,30,42
20260703-013755,36,G11,entrincheiramento,500,pareto,1.16,50,21,1.0,30,10000,0.0,0,0.0,0.0,0.0,10,1.0,0.0,rotatividade,produzido,0.09418,0.040922,30,42
20260703-013755,36,G11,entrincheiramento,500,pareto,1.16,50,21,1.0,30,10000,0.0,0,0.0,0.0,0.0,10,1.0,0.0,persistencia,stake,0.846032,0.050368,30,42
20260703-013755,36,G11,entrincheiramento,500,pareto,1.16,50,21,1.0,30,10000,0.0,0,0.0,0.0,0.0,10,1.0,0.0,persistencia,eleito,0.846032,0.050368,30,42
20260703-013755,36,G11,entrincheiramento,500,pareto,1.16,50,21,1.0,30,10000,0.0,0,0.0,0.0,0.0,10,1.0,0.0,persistencia,produzido,0.846032,0.050368,30,42
20260703-013755,36,G11,entrincheiramento,500,pareto,1.16,50,21,1.0,30,10000,0.0,0,0.0,0.0,0.0,10,1.0,0.0,permanencia_media,stake,9.101587,0.337342,30,42
20260703-013755,36,G11,entrincheiramento,500,pareto,1.16,50,21,1.0,30,10000,0.0,0,0.0,0.0,0.0,10,1.0,0.0,permanencia_media,eleito,9.101587,0.337342,30,42
20260703-013755,36,G11,entrincheiramento,500,pareto,1.16,50,21,1.0,30,10000,0.0,0,0.0,0.0,0.0,10,1.0,0.0,permanencia_media,produzido,9.101587,0.337342,30,42
20260703-013755,36,G11,entrincheiramento,500,pareto,1.16,50,21,1.0,30,10000,0.0,0,0.0,0.0,0.0,10,1.0,0.0,diversidade,stake,0.129048,0.011473,30,42
20260703-013755,36,G11,entrincheiramento,500,pareto,1.16,50,21,1.0,30,10000,0.0,0,0.0,0.0,0.0,10,1.0,0.0,diversidade,eleito,0.129048,0.011473,30,42
20260703-013755,36,G11,entrincheiramento,500,pareto,1.16,50,21,1.0,30,10000,0.0,0,0.0,0.0,0.0,10,1.0,0.0,diversidade,produzido,0.129048,0.011473,30,42
20260703-013755,37,G11,entrincheiramento,500,pareto,1.16,100,21,1.0,30,10000,0.0,0,0.0,0.0,0.0,2,0.0,0.0,rotatividade,stake,0.406349,0.082967,30,42
20260703-013755,37,G11,entrincheiramento,500,pareto,1.16,100,21,1.0,30,10000,0.0,0,0.0,0.0,0.0,2,0.0,0.0,rotatividade,eleito,0.406349,0.082967,30,42
20260703-013755,37,G11,entrincheiramento,500,pareto,1.16,100,21,1.0,30,10000,0.0,0,0.0,0.0,0.0,2,0.0,0.0,rotatividade,produzido,0.406349,0.082967,30,42
20260703-013755,37,G11,entrincheiramento,500,pareto,1.16,100,21,1.0,30,10000,0.0,0,0.0,0.0,0.0,2,0.0,0.0,persistencia,stake,0.796825,0.041483,30,42
20260703-013755,37,G11,entrincheiramento,500,pareto,1.16,100,21,1.0,30,10000,0.0,0,0.0,0.0,0.0,2,0.0,0.0,persistencia,eleito,0.796825,0.041483,30,42
20260703-013755,37,G11,entrincheiramento,500,pareto,1.16,100,21,1.0,30,10000,0.0,0,0.0,0.0,0.0,2,0.0,0.0,persistencia,produzido,0.796825,0.041483,30,42
20260703-013755,37,G11,entrincheiramento,500,pareto,1.16,100,21,1.0,30,10000,0.0,0,0.0,0.0,0.0,2,0.0,0.0,permanencia_media,stake,1.796825,0.041483,30,42
20260703-013755,37,G11,entrincheiramento,500,pareto,1.16,100,21,1.0,30,10000,0.0,0,0.0,0.0,0.0,2,0.0,0.0,permanencia_media,eleito,1.796825,0.041483,30,42
20260703-013755,37,G11,entrincheiramento,500,pareto,1.16,100,21,1.0,30,10000,0.0,0,0.0,0.0,0.0,2,0.0,0.0,permanencia_media,produzido,1.796825,0.041483,30,42
20260703-013755,37,G11,entrincheiramento,500,pareto,1.16,100,21,1.0,30,10000,0.0,0,0.0,0.0,0.0,2,0.0,0.0,diversidade,stake,0.601587,0.020742,30,42
20260703-013755,37,G11,entrincheiramento,500,pareto,1.16,100,21,1.0,30,10000,0.0,0,0.0,0.0,0.0,2,0.0,0.0,diversidade,eleito,0.601587,0.020742,30,42
20260703-013755,37,G11,entrincheiramento,500,pareto,1.16,100,21,1.0,30,10000,0.0,0,0.0,0.0,0.0,2,0.0,0.0,diversidade,produzido,0.601587,0.020742,30,42
20260703-013755,38,G11,entrincheiramento,500,pareto,1.16,100,21,1.0,30,10000,0.0,0,0.0,0.0,0.0,5,0.0,0.0,rotatividade,stake,0.439683,0.082446,30,42
20260703-013755,38,G11,entrincheiramento,500,pareto,1.16,100,21,1.0,30,10000,0.0,0,0.0,0.0,0.0,5,0.0,0.0,rotatividade,eleito,0.439683,0.082446,30,42
20260703-013755,38,G11,entrincheiramento,500,pareto,1.16,100,21,1.0,30,10000,0.0,0,0.0,0.0,0.0,5,0.0,0.0,rotatividade,produzido,0.439683,0.082446,30,42
20260703-013755,38,G11,entrincheiramento,500,pareto,1.16,100,21,1.0,30,10000,0.0,0,0.0,0.0,0.0,5,0.0,0.0,persistencia,stake,0.644444,0.056557,30,42
20260703-013755,38,G11,entrincheiramento,500,pareto,1.16,100,21,1.0,30,10000,0.0,0,0.0,0.0,0.0,5,0.0,0.0,persistencia,eleito,0.644444,0.056557,30,42
20260703-013755,38,G11,entrincheiramento,500,pareto,1.16,100,21,1.0,30,10000,0.0,0,0.0,0.0,0.0,5,0.0,0.0,persistencia,produzido,0.644444,0.056557,30,42
20260703-013755,38,G11,entrincheiramento,500,pareto,1.16,100,21,1.0,30,10000,0.0,0,0.0,0.0,0.0,5,0.0,0.0,permanencia_media,stake,3.779365,0.204605,30,42
20260703-013755,38,G11,entrincheiramento,500,pareto,1.16,100,21,1.0,30,10000,0.0,0,0.0,0.0,0.0,5,0.0,0.0,permanencia_media,eleito,3.779365,0.204605,30,42
20260703-013755,38,G11,entrincheiramento,500,pareto,1.16,100,21,1.0,30,10000,0.0,0,0.0,0.0,0.0,5,0.0,0.0,permanencia_media,produzido,3.779365,0.204605,30,42
20260703-013755,38,G11,entrincheiramento,500,pareto,1.16,100,21,1.0,30,10000,0.0,0,0.0,0.0,0.0,5,0.0,0.0,diversidade,stake,0.312381,0.024986,30,42
20260703-013755,38,G11,entrincheiramento,500,pareto,1.16,100,21,1.0,30,10000,0.0,0,0.0,0.0,0.0,5,0.0,0.0,diversidade,eleito,0.312381,0.024986,30,42
20260703-013755,38,G11,entrincheiramento,500,pareto,1.16,100,21,1.0,30,10000,0.0,0,0.0,0.0,0.0,5,0.0,0.0,diversidade,produzido,0.312381,0.024986,30,42
20260703-013755,39,G11,entrincheiramento,500,pareto,1.16,100,21,1.0,30,10000,0.0,0,0.0,0.0,0.0,10,0.0,0.0,rotatividade,stake,0.43739,0.084973,30,42
20260703-013755,39,G11,entrincheiramento,500,pareto,1.16,100,21,1.0,30,10000,0.0,0,0.0,0.0,0.0,10,0.0,0.0,rotatividade,eleito,0.43739,0.084973,30,42
20260703-013755,39,G11,entrincheiramento,500,pareto,1.16,100,21,1.0,30,10000,0.0,0,0.0,0.0,0.0,10,0.0,0.0,rotatividade,produzido,0.43739,0.084973,30,42
20260703-013755,39,G11,entrincheiramento,500,pareto,1.16,100,21,1.0,30,10000,0.0,0,0.0,0.0,0.0,10,0.0,0.0,persistencia,stake,0.604762,0.058715,30,42
20260703-013755,39,G11,entrincheiramento,500,pareto,1.16,100,21,1.0,30,10000,0.0,0,0.0,0.0,0.0,10,0.0,0.0,persistencia,eleito,0.604762,0.058715,30,42
20260703-013755,39,G11,entrincheiramento,500,pareto,1.16,100,21,1.0,30,10000,0.0,0,0.0,0.0,0.0,10,0.0,0.0,persistencia,produzido,0.604762,0.058715,30,42
20260703-013755,39,G11,entrincheiramento,500,pareto,1.16,100,21,1.0,30,10000,0.0,0,0.0,0.0,0.0,10,0.0,0.0,permanencia_media,stake,6.939683,0.514914,30,42
20260703-013755,39,G11,entrincheiramento,500,pareto,1.16,100,21,1.0,30,10000,0.0,0,0.0,0.0,0.0,10,0.0,0.0,permanencia_media,eleito,6.939683,0.514914,30,42
20260703-013755,39,G11,entrincheiramento,500,pareto,1.16,100,21,1.0,30,10000,0.0,0,0.0,0.0,0.0,10,0.0,0.0,permanencia_media,produzido,6.939683,0.514914,30,42
20260703-013755,39,G11,entrincheiramento,500,pareto,1.16,100,21,1.0,30,10000,0.0,0,0.0,0.0,0.0,10,0.0,0.0,diversidade,stake,0.187778,0.022022,30,42
20260703-013755,39,G11,entrincheiramento,500,pareto,1.16,100,21,1.0,30,10000,0.0,0,0.0,0.0,0.0,10,0.0,0.0,diversidade,eleito,0.187778,0.022022,30,42
20260703-013755,39,G11,entrincheiramento,500,pareto,1.16,100,21,1.0,30,10000,0.0,0,0.0,0.0,0.0,10,0.0,0.0,diversidade,produzido,0.187778,0.022022,30,42
20260703-013755,40,G11,entrincheiramento,500,pareto,1.16,100,21,1.0,30,10000,0.0,0,0.0,0.0,0.0,2,0.5,0.0,rotatividade,stake,0.209524,0.082223,30,42
20260703-013755,40,G11,entrincheiramento,500,pareto,1.16,100,21,1.0,30,10000,0.0,0,0.0,0.0,0.0,2,0.5,0.0,rotatividade,eleito,0.209524,0.082223,30,42
20260703-013755,40,G11,entrincheiramento,500,pareto,1.16,100,21,1.0,30,10000,0.0,0,0.0,0.0,0.0,2,0.5,0.0,rotatividade,produzido,0.209524,0.082223,30,42
20260703-013755,40,G11,entrincheiramento,500,pareto,1.16,100,21,1.0,30,10000,0.0,0,0.0,0.0,0.0,2,0.5,0.0,persistencia,stake,0.895238,0.041112,30,42
20260703-013755,40,G11,entrincheiramento,500,pareto,1.16,100,21,1.0,30,10000,0.0,0,0.0,0.0,0.0,2,0.5,0.0,persistencia,eleito,0.895238,0.041112,30,42
20260703-013755,40,G11,entrincheiramento,500,pareto,1.16,100,21,1.0,30,10000,0.0,0,0.0,0.0,0.0,2,0.5,0.0,persistencia,produzido,0.895238,0.041112,30,42
20260703-013755,40,G11,entrincheiramento,500,pareto,1.16,100,21,1.0,30,10000,0.0,0,0.0,0.0,0.0,2,0.5,0.0,permanencia_media,stake,1.895238,0.041112,30,42
20260703-013755,40,G11,entrincheiramento,500,pareto,1.16,100,21,1.0,30,10000,0.0,0,0.0,0.0,0.0,2,0.5,0.0,permanencia_media,eleito,1.895238,0.041112,30,42
20260703-013755,40,G11,entrincheiramento,500,pareto,1.16,100,21,1.0,30,10000,0.0,0,0.0,0.0,0.0,2,0.5,0.0,permanencia_media,produzido,1.895238,0.041112,30,42
20260703-013755,40,G11,entrincheiramento,500,pareto,1.16,100,21,1.0,30,10000,0.0,0,0.0,0.0,0.0,2,0.5,0.0,diversidade,stake,0.552381,0.020556,30,42
20260703-013755,40,G11,entrincheiramento,500,pareto,1.16,100,21,1.0,30,10000,0.0,0,0.0,0.0,0.0,2,0.5,0.0,diversidade,eleito,0.552381,0.020556,30,42
20260703-013755,40,G11,entrincheiramento,500,pareto,1.16,100,21,1.0,30,10000,0.0,0,0.0,0.0,0.0,2,0.5,0.0,diversidade,produzido,0.552381,0.020556,30,42
20260703-013755,41,G11,entrincheiramento,500,pareto,1.16,100,21,1.0,30,10000,0.0,0,0.0,0.0,0.0,5,0.5,0.0,rotatividade,stake,0.224603,0.08377,30,42
20260703-013755,41,G11,entrincheiramento,500,pareto,1.16,100,21,1.0,30,10000,0.0,0,0.0,0.0,0.0,5,0.5,0.0,rotatividade,eleito,0.224603,0.08377,30,42
20260703-013755,41,G11,entrincheiramento,500,pareto,1.16,100,21,1.0,30,10000,0.0,0,0.0,0.0,0.0,5,0.5,0.0,rotatividade,produzido,0.224603,0.08377,30,42
20260703-013755,41,G11,entrincheiramento,500,pareto,1.16,100,21,1.0,30,10000,0.0,0,0.0,0.0,0.0,5,0.5,0.0,persistencia,stake,0.780952,0.057587,30,42
20260703-013755,41,G11,entrincheiramento,500,pareto,1.16,100,21,1.0,30,10000,0.0,0,0.0,0.0,0.0,5,0.5,0.0,persistencia,eleito,0.780952,0.057587,30,42
20260703-013755,41,G11,entrincheiramento,500,pareto,1.16,100,21,1.0,30,10000,0.0,0,0.0,0.0,0.0,5,0.5,0.0,persistencia,produzido,0.780952,0.057587,30,42
20260703-013755,41,G11,entrincheiramento,500,pareto,1.16,100,21,1.0,30,10000,0.0,0,0.0,0.0,0.0,5,0.5,0.0,permanencia_media,stake,4.304762,0.214548,30,42
20260703-013755,41,G11,entrincheiramento,500,pareto,1.16,100,21,1.0,30,10000,0.0,0,0.0,0.0,0.0,5,0.5,0.0,permanencia_media,eleito,4.304762,0.214548,30,42
20260703-013755,41,G11,entrincheiramento,500,pareto,1.16,100,21,1.0,30,10000,0.0,0,0.0,0.0,0.0,5,0.5,0.0,permanencia_media,produzido,4.304762,0.214548,30,42
20260703-013755,41,G11,entrincheiramento,500,pareto,1.16,100,21,1.0,30,10000,0.0,0,0.0,0.0,0.0,5,0.5,0.0,diversidade,stake,0.275873,0.026663,30,42
20260703-013755,41,G11,entrincheiramento,500,pareto,1.16,100,21,1.0,30,10000,0.0,0,0.0,0.0,0.0,5,0.5,0.0,diversidade,eleito,0.275873,0.026663,30,42
20260703-013755,41,G11,entrincheiramento,500,pareto,1.16,100,21,1.0,30,10000,0.0,0,0.0,0.0,0.0,5,0.5,0.0,diversidade,produzido,0.275873,0.026663,30,42
20260703-013755,42,G11,entrincheiramento,500,pareto,1.16,100,21,1.0,30,10000,0.0,0,0.0,0.0,0.0,10,0.5,0.0,rotatividade,stake,0.213404,0.080857,30,42
20260703-013755,42,G11,entrincheiramento,500,pareto,1.16,100,21,1.0,30,10000,0.0,0,0.0,0.0,0.0,10,0.5,0.0,rotatividade,eleito,0.213404,0.080857,30,42
20260703-013755,42,G11,entrincheiramento,500,pareto,1.16,100,21,1.0,30,10000,0.0,0,0.0,0.0,0.0,10,0.5,0.0,rotatividade,produzido,0.213404,0.080857,30,42
20260703-013755,42,G11,entrincheiramento,500,pareto,1.16,100,21,1.0,30,10000,0.0,0,0.0,0.0,0.0,10,0.5,0.0,persistencia,stake,0.736508,0.061314,30,42
20260703-013755,42,G11,entrincheiramento,500,pareto,1.16,100,21,1.0,30,10000,0.0,0,0.0,0.0,0.0,10,0.5,0.0,persistencia,eleito,0.736508,0.061314,30,42
20260703-013755,42,G11,entrincheiramento,500,pareto,1.16,100,21,1.0,30,10000,0.0,0,0.0,0.0,0.0,10,0.5,0.0,persistencia,produzido,0.736508,0.061314,30,42
20260703-013755,42,G11,entrincheiramento,500,pareto,1.16,100,21,1.0,30,10000,0.0,0,0.0,0.0,0.0,10,0.5,0.0,permanencia_media,stake,8.214286,0.50926,30,42
20260703-013755,42,G11,entrincheiramento,500,pareto,1.16,100,21,1.0,30,10000,0.0,0,0.0,0.0,0.0,10,0.5,0.0,permanencia_media,eleito,8.214286,0.50926,30,42
20260703-013755,42,G11,entrincheiramento,500,pareto,1.16,100,21,1.0,30,10000,0.0,0,0.0,0.0,0.0,10,0.5,0.0,permanencia_media,produzido,8.214286,0.50926,30,42
20260703-013755,42,G11,entrincheiramento,500,pareto,1.16,100,21,1.0,30,10000,0.0,0,0.0,0.0,0.0,10,0.5,0.0,diversidade,stake,0.160635,0.021264,30,42
20260703-013755,42,G11,entrincheiramento,500,pareto,1.16,100,21,1.0,30,10000,0.0,0,0.0,0.0,0.0,10,0.5,0.0,diversidade,eleito,0.160635,0.021264,30,42
20260703-013755,42,G11,entrincheiramento,500,pareto,1.16,100,21,1.0,30,10000,0.0,0,0.0,0.0,0.0,10,0.5,0.0,diversidade,produzido,0.160635,0.021264,30,42
20260703-013755,43,G11,entrincheiramento,500,pareto,1.16,100,21,1.0,30,10000,0.0,0,0.0,0.0,0.0,2,1.0,0.0,rotatividade,stake,0.155556,0.07187,30,42
20260703-013755,43,G11,entrincheiramento,500,pareto,1.16,100,21,1.0,30,10000,0.0,0,0.0,0.0,0.0,2,1.0,0.0,rotatividade,eleito,0.155556,0.07187,30,42
20260703-013755,43,G11,entrincheiramento,500,pareto,1.16,100,21,1.0,30,10000,0.0,0,0.0,0.0,0.0,2,1.0,0.0,rotatividade,produzido,0.155556,0.07187,30,42
20260703-013755,43,G11,entrincheiramento,500,pareto,1.16,100,21,1.0,30,10000,0.0,0,0.0,0.0,0.0,2,1.0,0.0,persistencia,stake,0.922222,0.035935,30,42
20260703-013755,43,G11,entrincheiramento,500,pareto,1.16,100,21,1.0,30,10000,0.0,0,0.0,0.0,0.0,2,1.0,0.0,persistencia,eleito,0.922222,0.035935,30,42
20260703-013755,43,G11,entrincheiramento,500,pareto,1.16,100,21,1.0,30,10000,0.0,0,0.0,0.0,0.0,2,1.0,0.0,persistencia,produzido,0.922222,0.035935,30,42
20260703-013755,43,G11,entrincheiramento,500,pareto,1.16,100,21,1.0,30,10000,0.0,0,0.0,0.0,0.0,2,1.0,0.0,permanencia_media,stake,1.922222,0.035935,30,42
20260703-013755,43,G11,entrincheiramento,500,pareto,1.16,100,21,1.0,30,10000,0.0,0,0.0,0.0,0.0,2,1.0,0.0,permanencia_media,eleito,1.922222,0.035935,30,42
20260703-013755,43,G11,entrincheiramento,500,pareto,1.16,100,21,1.0,30,10000,0.0,0,0.0,0.0,0.0,2,1.0,0.0,permanencia_media,produzido,1.922222,0.035935,30,42
20260703-013755,43,G11,entrincheiramento,500,pareto,1.16,100,21,1.0,30,10000,0.0,0,0.0,0.0,0.0,2,1.0,0.0,diversidade,stake,0.538889,0.017967,30,42
20260703-013755,43,G11,entrincheiramento,500,pareto,1.16,100,21,1.0,30,10000,0.0,0,0.0,0.0,0.0,2,1.0,0.0,diversidade,eleito,0.538889,0.017967,30,42
20260703-013755,43,G11,entrincheiramento,500,pareto,1.16,100,21,1.0,30,10000,0.0,0,0.0,0.0,0.0,2,1.0,0.0,diversidade,produzido,0.538889,0.017967,30,42
20260703-013755,44,G11,entrincheiramento,500,pareto,1.16,100,21,1.0,30,10000,0.0,0,0.0,0.0,0.0,5,1.0,0.0,rotatividade,stake,0.153175,0.066664,30,42
20260703-013755,44,G11,entrincheiramento,500,pareto,1.16,100,21,1.0,30,10000,0.0,0,0.0,0.0,0.0,5,1.0,0.0,rotatividade,eleito,0.153175,0.066664,30,42
20260703-013755,44,G11,entrincheiramento,500,pareto,1.16,100,21,1.0,30,10000,0.0,0,0.0,0.0,0.0,5,1.0,0.0,rotatividade,produzido,0.153175,0.066664,30,42
20260703-013755,44,G11,entrincheiramento,500,pareto,1.16,100,21,1.0,30,10000,0.0,0,0.0,0.0,0.0,5,1.0,0.0,persistencia,stake,0.844444,0.054059,30,42
20260703-013755,44,G11,entrincheiramento,500,pareto,1.16,100,21,1.0,30,10000,0.0,0,0.0,0.0,0.0,5,1.0,0.0,persistencia,eleito,0.844444,0.054059,30,42
20260703-013755,44,G11,entrincheiramento,500,pareto,1.16,100,21,1.0,30,10000,0.0,0,0.0,0.0,0.0,5,1.0,0.0,persistencia,produzido,0.844444,0.054059,30,42
20260703-013755,44,G11,entrincheiramento,500,pareto,1.16,100,21,1.0,30,10000,0.0,0,0.0,0.0,0.0,5,1.0,0.0,permanencia_media,stake,4.531746,0.1871,30,42
20260703-013755,44,G11,entrincheiramento,500,pareto,1.16,100,21,1.0,30,10000,0.0,0,0.0,0.0,0.0,5,1.0,0.0,permanencia_media,eleito,4.531746,0.1871,30,42
20260703-013755,44,G11,entrincheiramento,500,pareto,1.16,100,21,1.0,30,10000,0.0,0,0.0,0.0,0.0,5,1.0,0.0,permanencia_media,produzido,4.531746,0.1871,30,42
20260703-013755,44,G11,entrincheiramento,500,pareto,1.16,100,21,1.0,30,10000,0.0,0,0.0,0.0,0.0,5,1.0,0.0,diversidade,stake,0.254921,0.023022,30,42
20260703-013755,44,G11,entrincheiramento,500,pareto,1.16,100,21,1.0,30,10000,0.0,0,0.0,0.0,0.0,5,1.0,0.0,diversidade,eleito,0.254921,0.023022,30,42
20260703-013755,44,G11,entrincheiramento,500,pareto,1.16,100,21,1.0,30,10000,0.0,0,0.0,0.0,0.0,5,1.0,0.0,diversidade,produzido,0.254921,0.023022,30,42
20260703-013755,45,G11,entrincheiramento,500,pareto,1.16,100,21,1.0,30,10000,0.0,0,0.0,0.0,0.0,10,1.0,0.0,rotatividade,stake,0.14709,0.066926,30,42
20260703-013755,45,G11,entrincheiramento,500,pareto,1.16,100,21,1.0,30,10000,0.0,0,0.0,0.0,0.0,10,1.0,0.0,rotatividade,eleito,0.14709,0.066926,30,42
20260703-013755,45,G11,entrincheiramento,500,pareto,1.16,100,21,1.0,30,10000,0.0,0,0.0,0.0,0.0,10,1.0,0.0,rotatividade,produzido,0.14709,0.066926,30,42
20260703-013755,45,G11,entrincheiramento,500,pareto,1.16,100,21,1.0,30,10000,0.0,0,0.0,0.0,0.0,10,1.0,0.0,persistencia,stake,0.806349,0.057818,30,42
20260703-013755,45,G11,entrincheiramento,500,pareto,1.16,100,21,1.0,30,10000,0.0,0,0.0,0.0,0.0,10,1.0,0.0,persistencia,eleito,0.806349,0.057818,30,42
20260703-013755,45,G11,entrincheiramento,500,pareto,1.16,100,21,1.0,30,10000,0.0,0,0.0,0.0,0.0,10,1.0,0.0,persistencia,produzido,0.806349,0.057818,30,42
20260703-013755,45,G11,entrincheiramento,500,pareto,1.16,100,21,1.0,30,10000,0.0,0,0.0,0.0,0.0,10,1.0,0.0,permanencia_media,stake,8.763492,0.449697,30,42
20260703-013755,45,G11,entrincheiramento,500,pareto,1.16,100,21,1.0,30,10000,0.0,0,0.0,0.0,0.0,10,1.0,0.0,permanencia_media,eleito,8.763492,0.449697,30,42
20260703-013755,45,G11,entrincheiramento,500,pareto,1.16,100,21,1.0,30,10000,0.0,0,0.0,0.0,0.0,10,1.0,0.0,permanencia_media,produzido,8.763492,0.449697,30,42
20260703-013755,45,G11,entrincheiramento,500,pareto,1.16,100,21,1.0,30,10000,0.0,0,0.0,0.0,0.0,10,1.0,0.0,diversidade,stake,0.147778,0.019718,30,42
20260703-013755,45,G11,entrincheiramento,500,pareto,1.16,100,21,1.0,30,10000,0.0,0,0.0,0.0,0.0,10,1.0,0.0,diversidade,eleito,0.147778,0.019718,30,42
20260703-013755,45,G11,entrincheiramento,500,pareto,1.16,100,21,1.0,30,10000,0.0,0,0.0,0.0,0.0,10,1.0,0.0,diversidade,produzido,0.147778,0.019718,30,42
20260703-013755,46,G11,entrincheiramento,500,pareto,1.16,150,21,1.0,30,10000,0.0,0,0.0,0.0,0.0,2,0.0,0.0,rotatividade,stake,0.47619,0.083958,30,42
20260703-013755,46,G11,entrincheiramento,500,pareto,1.16,150,21,1.0,30,10000,0.0,0,0.0,0.0,0.0,2,0.0,0.0,rotatividade,eleito,0.47619,0.083958,30,42
20260703-013755,46,G11,entrincheiramento,500,pareto,1.16,150,21,1.0,30,10000,0.0,0,0.0,0.0,0.0,2,0.0,0.0,rotatividade,produzido,0.47619,0.083958,30,42
20260703-013755,46,G11,entrincheiramento,500,pareto,1.16,150,21,1.0,30,10000,0.0,0,0.0,0.0,0.0,2,0.0,0.0,persistencia,stake,0.761905,0.041979,30,42
20260703-013755,46,G11,entrincheiramento,500,pareto,1.16,150,21,1.0,30,10000,0.0,0,0.0,0.0,0.0,2,0.0,0.0,persistencia,eleito,0.761905,0.041979,30,42
20260703-013755,46,G11,entrincheiramento,500,pareto,1.16,150,21,1.0,30,10000,0.0,0,0.0,0.0,0.0,2,0.0,0.0,persistencia,produzido,0.761905,0.041979,30,42
20260703-013755,46,G11,entrincheiramento,500,pareto,1.16,150,21,1.0,30,10000,0.0,0,0.0,0.0,0.0,2,0.0,0.0,permanencia_media,stake,1.761905,0.041979,30,42
20260703-013755,46,G11,entrincheiramento,500,pareto,1.16,150,21,1.0,30,10000,0.0,0,0.0,0.0,0.0,2,0.0,0.0,permanencia_media,eleito,1.761905,0.041979,30,42
20260703-013755,46,G11,entrincheiramento,500,pareto,1.16,150,21,1.0,30,10000,0.0,0,0.0,0.0,0.0,2,0.0,0.0,permanencia_media,produzido,1.761905,0.041979,30,42
20260703-013755,46,G11,entrincheiramento,500,pareto,1.16,150,21,1.0,30,10000,0.0,0,0.0,0.0,0.0,2,0.0,0.0,diversidade,stake,0.619048,0.02099,30,42
20260703-013755,46,G11,entrincheiramento,500,pareto,1.16,150,21,1.0,30,10000,0.0,0,0.0,0.0,0.0,2,0.0,0.0,diversidade,eleito,0.619048,0.02099,30,42
20260703-013755,46,G11,entrincheiramento,500,pareto,1.16,150,21,1.0,30,10000,0.0,0,0.0,0.0,0.0,2,0.0,0.0,diversidade,produzido,0.619048,0.02099,30,42
20260703-013755,47,G11,entrincheiramento,500,pareto,1.16,150,21,1.0,30,10000,0.0,0,0.0,0.0,0.0,5,0.0,0.0,rotatividade,stake,0.457937,0.087225,30,42
20260703-013755,47,G11,entrincheiramento,500,pareto,1.16,150,21,1.0,30,10000,0.0,0,0.0,0.0,0.0,5,0.0,0.0,rotatividade,eleito,0.457937,0.087225,30,42
20260703-013755,47,G11,entrincheiramento,500,pareto,1.16,150,21,1.0,30,10000,0.0,0,0.0,0.0,0.0,5,0.0,0.0,rotatividade,produzido,0.457937,0.087225,30,42
20260703-013755,47,G11,entrincheiramento,500,pareto,1.16,150,21,1.0,30,10000,0.0,0,0.0,0.0,0.0,5,0.0,0.0,persistencia,stake,0.64127,0.052136,30,42
20260703-013755,47,G11,entrincheiramento,500,pareto,1.16,150,21,1.0,30,10000,0.0,0,0.0,0.0,0.0,5,0.0,0.0,persistencia,eleito,0.64127,0.052136,30,42
20260703-013755,47,G11,entrincheiramento,500,pareto,1.16,150,21,1.0,30,10000,0.0,0,0.0,0.0,0.0,5,0.0,0.0,persistencia,produzido,0.64127,0.052136,30,42
20260703-013755,47,G11,entrincheiramento,500,pareto,1.16,150,21,1.0,30,10000,0.0,0,0.0,0.0,0.0,5,0.0,0.0,permanencia_media,stake,3.77619,0.206779,30,42
20260703-013755,47,G11,entrincheiramento,500,pareto,1.16,150,21,1.0,30,10000,0.0,0,0.0,0.0,0.0,5,0.0,0.0,permanencia_media,eleito,3.77619,0.206779,30,42
20260703-013755,47,G11,entrincheiramento,500,pareto,1.16,150,21,1.0,30,10000,0.0,0,0.0,0.0,0.0,5,0.0,0.0,permanencia_media,produzido,3.77619,0.206779,30,42
20260703-013755,47,G11,entrincheiramento,500,pareto,1.16,150,21,1.0,30,10000,0.0,0,0.0,0.0,0.0,5,0.0,0.0,diversidade,stake,0.322857,0.029729,30,42
20260703-013755,47,G11,entrincheiramento,500,pareto,1.16,150,21,1.0,30,10000,0.0,0,0.0,0.0,0.0,5,0.0,0.0,diversidade,eleito,0.322857,0.029729,30,42
20260703-013755,47,G11,entrincheiramento,500,pareto,1.16,150,21,1.0,30,10000,0.0,0,0.0,0.0,0.0,5,0.0,0.0,diversidade,produzido,0.322857,0.029729,30,42
20260703-013755,48,G11,entrincheiramento,500,pareto,1.16,150,21,1.0,30,10000,0.0,0,0.0,0.0,0.0,10,0.0,0.0,rotatividade,stake,0.457496,0.092031,30,42
20260703-013755,48,G11,entrincheiramento,500,pareto,1.16,150,21,1.0,30,10000,0.0,0,0.0,0.0,0.0,10,0.0,0.0,rotatividade,eleito,0.457496,0.092031,30,42
20260703-013755,48,G11,entrincheiramento,500,pareto,1.16,150,21,1.0,30,10000,0.0,0,0.0,0.0,0.0,10,0.0,0.0,rotatividade,produzido,0.457496,0.092031,30,42
20260703-013755,48,G11,entrincheiramento,500,pareto,1.16,150,21,1.0,30,10000,0.0,0,0.0,0.0,0.0,10,0.0,0.0,persistencia,stake,0.580952,0.060105,30,42
20260703-013755,48,G11,entrincheiramento,500,pareto,1.16,150,21,1.0,30,10000,0.0,0,0.0,0.0,0.0,10,0.0,0.0,persistencia,eleito,0.580952,0.060105,30,42
20260703-013755,48,G11,entrincheiramento,500,pareto,1.16,150,21,1.0,30,10000,0.0,0,0.0,0.0,0.0,10,0.0,0.0,persistencia,produzido,0.580952,0.060105,30,42
20260703-013755,48,G11,entrincheiramento,500,pareto,1.16,150,21,1.0,30,10000,0.0,0,0.0,0.0,0.0,10,0.0,0.0,permanencia_media,stake,6.773016,0.534863,30,42
20260703-013755,48,G11,entrincheiramento,500,pareto,1.16,150,21,1.0,30,10000,0.0,0,0.0,0.0,0.0,10,0.0,0.0,permanencia_media,eleito,6.773016,0.534863,30,42
20260703-013755,48,G11,entrincheiramento,500,pareto,1.16,150,21,1.0,30,10000,0.0,0,0.0,0.0,0.0,10,0.0,0.0,permanencia_media,produzido,6.773016,0.534863,30,42
20260703-013755,48,G11,entrincheiramento,500,pareto,1.16,150,21,1.0,30,10000,0.0,0,0.0,0.0,0.0,10,0.0,0.0,diversidade,stake,0.199206,0.028047,30,42
20260703-013755,48,G11,entrincheiramento,500,pareto,1.16,150,21,1.0,30,10000,0.0,0,0.0,0.0,0.0,10,0.0,0.0,diversidade,eleito,0.199206,0.028047,30,42
20260703-013755,48,G11,entrincheiramento,500,pareto,1.16,150,21,1.0,30,10000,0.0,0,0.0,0.0,0.0,10,0.0,0.0,diversidade,produzido,0.199206,0.028047,30,42
20260703-013755,49,G11,entrincheiramento,500,pareto,1.16,150,21,1.0,30,10000,0.0,0,0.0,0.0,0.0,2,0.5,0.0,rotatividade,stake,0.304762,0.095727,30,42
20260703-013755,49,G11,entrincheiramento,500,pareto,1.16,150,21,1.0,30,10000,0.0,0,0.0,0.0,0.0,2,0.5,0.0,rotatividade,eleito,0.304762,0.095727,30,42
20260703-013755,49,G11,entrincheiramento,500,pareto,1.16,150,21,1.0,30,10000,0.0,0,0.0,0.0,0.0,2,0.5,0.0,rotatividade,produzido,0.304762,0.095727,30,42
20260703-013755,49,G11,entrincheiramento,500,pareto,1.16,150,21,1.0,30,10000,0.0,0,0.0,0.0,0.0,2,0.5,0.0,persistencia,stake,0.847619,0.047864,30,42
20260703-013755,49,G11,entrincheiramento,500,pareto,1.16,150,21,1.0,30,10000,0.0,0,0.0,0.0,0.0,2,0.5,0.0,persistencia,eleito,0.847619,0.047864,30,42
20260703-013755,49,G11,entrincheiramento,500,pareto,1.16,150,21,1.0,30,10000,0.0,0,0.0,0.0,0.0,2,0.5,0.0,persistencia,produzido,0.847619,0.047864,30,42
20260703-013755,49,G11,entrincheiramento,500,pareto,1.16,150,21,1.0,30,10000,0.0,0,0.0,0.0,0.0,2,0.5,0.0,permanencia_media,stake,1.847619,0.047864,30,42
20260703-013755,49,G11,entrincheiramento,500,pareto,1.16,150,21,1.0,30,10000,0.0,0,0.0,0.0,0.0,2,0.5,0.0,permanencia_media,eleito,1.847619,0.047864,30,42
20260703-013755,49,G11,entrincheiramento,500,pareto,1.16,150,21,1.0,30,10000,0.0,0,0.0,0.0,0.0,2,0.5,0.0,permanencia_media,produzido,1.847619,0.047864,30,42
20260703-013755,49,G11,entrincheiramento,500,pareto,1.16,150,21,1.0,30,10000,0.0,0,0.0,0.0,0.0,2,0.5,0.0,diversidade,stake,0.57619,0.023932,30,42
20260703-013755,49,G11,entrincheiramento,500,pareto,1.16,150,21,1.0,30,10000,0.0,0,0.0,0.0,0.0,2,0.5,0.0,diversidade,eleito,0.57619,0.023932,30,42
20260703-013755,49,G11,entrincheiramento,500,pareto,1.16,150,21,1.0,30,10000,0.0,0,0.0,0.0,0.0,2,0.5,0.0,diversidade,produzido,0.57619,0.023932,30,42
20260703-013755,50,G11,entrincheiramento,500,pareto,1.16,150,21,1.0,30,10000,0.0,0,0.0,0.0,0.0,5,0.5,0.0,rotatividade,stake,0.274603,0.098849,30,42
20260703-013755,50,G11,entrincheiramento,500,pareto,1.16,150,21,1.0,30,10000,0.0,0,0.0,0.0,0.0,5,0.5,0.0,rotatividade,eleito,0.274603,0.098849,30,42
20260703-013755,50,G11,entrincheiramento,500,pareto,1.16,150,21,1.0,30,10000,0.0,0,0.0,0.0,0.0,5,0.5,0.0,rotatividade,produzido,0.274603,0.098849,30,42
20260703-013755,50,G11,entrincheiramento,500,pareto,1.16,150,21,1.0,30,10000,0.0,0,0.0,0.0,0.0,5,0.5,0.0,persistencia,stake,0.75873,0.060194,30,42
20260703-013755,50,G11,entrincheiramento,500,pareto,1.16,150,21,1.0,30,10000,0.0,0,0.0,0.0,0.0,5,0.5,0.0,persistencia,eleito,0.75873,0.060194,30,42
20260703-013755,50,G11,entrincheiramento,500,pareto,1.16,150,21,1.0,30,10000,0.0,0,0.0,0.0,0.0,5,0.5,0.0,persistencia,produzido,0.75873,0.060194,30,42
20260703-013755,50,G11,entrincheiramento,500,pareto,1.16,150,21,1.0,30,10000,0.0,0,0.0,0.0,0.0,5,0.5,0.0,permanencia_media,stake,4.228571,0.233833,30,42
20260703-013755,50,G11,entrincheiramento,500,pareto,1.16,150,21,1.0,30,10000,0.0,0,0.0,0.0,0.0,5,0.5,0.0,permanencia_media,eleito,4.228571,0.233833,30,42
20260703-013755,50,G11,entrincheiramento,500,pareto,1.16,150,21,1.0,30,10000,0.0,0,0.0,0.0,0.0,5,0.5,0.0,permanencia_media,produzido,4.228571,0.233833,30,42
20260703-013755,50,G11,entrincheiramento,500,pareto,1.16,150,21,1.0,30,10000,0.0,0,0.0,0.0,0.0,5,0.5,0.0,diversidade,stake,0.289206,0.031926,30,42
20260703-013755,50,G11,entrincheiramento,500,pareto,1.16,150,21,1.0,30,10000,0.0,0,0.0,0.0,0.0,5,0.5,0.0,diversidade,eleito,0.289206,0.031926,30,42
20260703-013755,50,G11,entrincheiramento,500,pareto,1.16,150,21,1.0,30,10000,0.0,0,0.0,0.0,0.0,5,0.5,0.0,diversidade,produzido,0.289206,0.031926,30,42
20260703-013755,51,G11,entrincheiramento,500,pareto,1.16,150,21,1.0,30,10000,0.0,0,0.0,0.0,0.0,10,0.5,0.0,rotatividade,stake,0.253616,0.092987,30,42
20260703-013755,51,G11,entrincheiramento,500,pareto,1.16,150,21,1.0,30,10000,0.0,0,0.0,0.0,0.0,10,0.5,0.0,rotatividade,eleito,0.253616,0.092987,30,42
20260703-013755,51,G11,entrincheiramento,500,pareto,1.16,150,21,1.0,30,10000,0.0,0,0.0,0.0,0.0,10,0.5,0.0,rotatividade,produzido,0.253616,0.092987,30,42
20260703-013755,51,G11,entrincheiramento,500,pareto,1.16,150,21,1.0,30,10000,0.0,0,0.0,0.0,0.0,10,0.5,0.0,persistencia,stake,0.71746,0.064684,30,42
20260703-013755,51,G11,entrincheiramento,500,pareto,1.16,150,21,1.0,30,10000,0.0,0,0.0,0.0,0.0,10,0.5,0.0,persistencia,eleito,0.71746,0.064684,30,42
20260703-013755,51,G11,entrincheiramento,500,pareto,1.16,150,21,1.0,30,10000,0.0,0,0.0,0.0,0.0,10,0.5,0.0,persistencia,produzido,0.71746,0.064684,30,42
20260703-013755,51,G11,entrincheiramento,500,pareto,1.16,150,21,1.0,30,10000,0.0,0,0.0,0.0,0.0,10,0.5,0.0,permanencia_media,stake,8.095238,0.54809,30,42
20260703-013755,51,G11,entrincheiramento,500,pareto,1.16,150,21,1.0,30,10000,0.0,0,0.0,0.0,0.0,10,0.5,0.0,permanencia_media,eleito,8.095238,0.54809,30,42
20260703-013755,51,G11,entrincheiramento,500,pareto,1.16,150,21,1.0,30,10000,0.0,0,0.0,0.0,0.0,10,0.5,0.0,permanencia_media,produzido,8.095238,0.54809,30,42
20260703-013755,51,G11,entrincheiramento,500,pareto,1.16,150,21,1.0,30,10000,0.0,0,0.0,0.0,0.0,10,0.5,0.0,diversidade,stake,0.17381,0.027592,30,42
20260703-013755,51,G11,entrincheiramento,500,pareto,1.16,150,21,1.0,30,10000,0.0,0,0.0,0.0,0.0,10,0.5,0.0,diversidade,eleito,0.17381,0.027592,30,42
20260703-013755,51,G11,entrincheiramento,500,pareto,1.16,150,21,1.0,30,10000,0.0,0,0.0,0.0,0.0,10,0.5,0.0,diversidade,produzido,0.17381,0.027592,30,42
20260703-013755,52,G11,entrincheiramento,500,pareto,1.16,150,21,1.0,30,10000,0.0,0,0.0,0.0,0.0,2,1.0,0.0,rotatividade,stake,0.225397,0.096595,30,42
20260703-013755,52,G11,entrincheiramento,500,pareto,1.16,150,21,1.0,30,10000,0.0,0,0.0,0.0,0.0,2,1.0,0.0,rotatividade,eleito,0.225397,0.096595,30,42
20260703-013755,52,G11,entrincheiramento,500,pareto,1.16,150,21,1.0,30,10000,0.0,0,0.0,0.0,0.0,2,1.0,0.0,rotatividade,produzido,0.225397,0.096595,30,42
20260703-013755,52,G11,entrincheiramento,500,pareto,1.16,150,21,1.0,30,10000,0.0,0,0.0,0.0,0.0,2,1.0,0.0,persistencia,stake,0.887302,0.048297,30,42
20260703-013755,52,G11,entrincheiramento,500,pareto,1.16,150,21,1.0,30,10000,0.0,0,0.0,0.0,0.0,2,1.0,0.0,persistencia,eleito,0.887302,0.048297,30,42
20260703-013755,52,G11,entrincheiramento,500,pareto,1.16,150,21,1.0,30,10000,0.0,0,0.0,0.0,0.0,2,1.0,0.0,persistencia,produzido,0.887302,0.048297,30,42
20260703-013755,52,G11,entrincheiramento,500,pareto,1.16,150,21,1.0,30,10000,0.0,0,0.0,0.0,0.0,2,1.0,0.0,permanencia_media,stake,1.887302,0.048297,30,42
20260703-013755,52,G11,entrincheiramento,500,pareto,1.16,150,21,1.0,30,10000,0.0,0,0.0,0.0,0.0,2,1.0,0.0,permanencia_media,eleito,1.887302,0.048297,30,42
20260703-013755,52,G11,entrincheiramento,500,pareto,1.16,150,21,1.0,30,10000,0.0,0,0.0,0.0,0.0,2,1.0,0.0,permanencia_media,produzido,1.887302,0.048297,30,42
20260703-013755,52,G11,entrincheiramento,500,pareto,1.16,150,21,1.0,30,10000,0.0,0,0.0,0.0,0.0,2,1.0,0.0,diversidade,stake,0.556349,0.024149,30,42
20260703-013755,52,G11,entrincheiramento,500,pareto,1.16,150,21,1.0,30,10000,0.0,0,0.0,0.0,0.0,2,1.0,0.0,diversidade,eleito,0.556349,0.024149,30,42
20260703-013755,52,G11,entrincheiramento,500,pareto,1.16,150,21,1.0,30,10000,0.0,0,0.0,0.0,0.0,2,1.0,0.0,diversidade,produzido,0.556349,0.024149,30,42
20260703-013755,53,G11,entrincheiramento,500,pareto,1.16,150,21,1.0,30,10000,0.0,0,0.0,0.0,0.0,5,1.0,0.0,rotatividade,stake,0.189683,0.089037,30,42
20260703-013755,53,G11,entrincheiramento,500,pareto,1.16,150,21,1.0,30,10000,0.0,0,0.0,0.0,0.0,5,1.0,0.0,rotatividade,eleito,0.189683,0.089037,30,42
20260703-013755,53,G11,entrincheiramento,500,pareto,1.16,150,21,1.0,30,10000,0.0,0,0.0,0.0,0.0,5,1.0,0.0,rotatividade,produzido,0.189683,0.089037,30,42
20260703-013755,53,G11,entrincheiramento,500,pareto,1.16,150,21,1.0,30,10000,0.0,0,0.0,0.0,0.0,5,1.0,0.0,persistencia,stake,0.826984,0.062886,30,42
20260703-013755,53,G11,entrincheiramento,500,pareto,1.16,150,21,1.0,30,10000,0.0,0,0.0,0.0,0.0,5,1.0,0.0,persistencia,eleito,0.826984,0.062886,30,42
20260703-013755,53,G11,entrincheiramento,500,pareto,1.16,150,21,1.0,30,10000,0.0,0,0.0,0.0,0.0,5,1.0,0.0,persistencia,produzido,0.826984,0.062886,30,42
20260703-013755,53,G11,entrincheiramento,500,pareto,1.16,150,21,1.0,30,10000,0.0,0,0.0,0.0,0.0,5,1.0,0.0,permanencia_media,stake,4.457143,0.231561,30,42
20260703-013755,53,G11,entrincheiramento,500,pareto,1.16,150,21,1.0,30,10000,0.0,0,0.0,0.0,0.0,5,1.0,0.0,permanencia_media,eleito,4.457143,0.231561,30,42
20260703-013755,53,G11,entrincheiramento,500,pareto,1.16,150,21,1.0,30,10000,0.0,0,0.0,0.0,0.0,5,1.0,0.0,permanencia_media,produzido,4.457143,0.231561,30,42
20260703-013755,53,G11,entrincheiramento,500,pareto,1.16,150,21,1.0,30,10000,0.0,0,0.0,0.0,0.0,5,1.0,0.0,diversidade,stake,0.266032,0.030756,30,42
20260703-013755,53,G11,entrincheiramento,500,pareto,1.16,150,21,1.0,30,10000,0.0,0,0.0,0.0,0.0,5,1.0,0.0,diversidade,eleito,0.266032,0.030756,30,42
20260703-013755,53,G11,entrincheiramento,500,pareto,1.16,150,21,1.0,30,10000,0.0,0,0.0,0.0,0.0,5,1.0,0.0,diversidade,produzido,0.266032,0.030756,30,42
20260703-013755,54,G11,entrincheiramento,500,pareto,1.16,150,21,1.0,30,10000,0.0,0,0.0,0.0,0.0,10,1.0,0.0,rotatividade,stake,0.173192,0.080792,30,42
20260703-013755,54,G11,entrincheiramento,500,pareto,1.16,150,21,1.0,30,10000,0.0,0,0.0,0.0,0.0,10,1.0,0.0,rotatividade,eleito,0.173192,0.080792,30,42
20260703-013755,54,G11,entrincheiramento,500,pareto,1.16,150,21,1.0,30,10000,0.0,0,0.0,0.0,0.0,10,1.0,0.0,rotatividade,produzido,0.173192,0.080792,30,42
20260703-013755,54,G11,entrincheiramento,500,pareto,1.16,150,21,1.0,30,10000,0.0,0,0.0,0.0,0.0,10,1.0,0.0,persistencia,stake,0.784127,0.066485,30,42
20260703-013755,54,G11,entrincheiramento,500,pareto,1.16,150,21,1.0,30,10000,0.0,0,0.0,0.0,0.0,10,1.0,0.0,persistencia,eleito,0.784127,0.066485,30,42
20260703-013755,54,G11,entrincheiramento,500,pareto,1.16,150,21,1.0,30,10000,0.0,0,0.0,0.0,0.0,10,1.0,0.0,persistencia,produzido,0.784127,0.066485,30,42
20260703-013755,54,G11,entrincheiramento,500,pareto,1.16,150,21,1.0,30,10000,0.0,0,0.0,0.0,0.0,10,1.0,0.0,permanencia_media,stake,8.573016,0.534784,30,42
20260703-013755,54,G11,entrincheiramento,500,pareto,1.16,150,21,1.0,30,10000,0.0,0,0.0,0.0,0.0,10,1.0,0.0,permanencia_media,eleito,8.573016,0.534784,30,42
20260703-013755,54,G11,entrincheiramento,500,pareto,1.16,150,21,1.0,30,10000,0.0,0,0.0,0.0,0.0,10,1.0,0.0,permanencia_media,produzido,8.573016,0.534784,30,42
20260703-013755,54,G11,entrincheiramento,500,pareto,1.16,150,21,1.0,30,10000,0.0,0,0.0,0.0,0.0,10,1.0,0.0,diversidade,stake,0.157937,0.025866,30,42
20260703-013755,54,G11,entrincheiramento,500,pareto,1.16,150,21,1.0,30,10000,0.0,0,0.0,0.0,0.0,10,1.0,0.0,diversidade,eleito,0.157937,0.025866,30,42
20260703-013755,54,G11,entrincheiramento,500,pareto,1.16,150,21,1.0,30,10000,0.0,0,0.0,0.0,0.0,10,1.0,0.0,diversidade,produzido,0.157937,0.025866,30,42
20260703-013755,55,G11,entrincheiramento,1000,pareto,1.16,50,21,1.0,30,10000,0.0,0,0.0,0.0,0.0,2,0.0,0.0,rotatividade,stake,0.349206,0.052442,30,42
20260703-013755,55,G11,entrincheiramento,1000,pareto,1.16,50,21,1.0,30,10000,0.0,0,0.0,0.0,0.0,2,0.0,0.0,rotatividade,eleito,0.349206,0.052442,30,42
20260703-013755,55,G11,entrincheiramento,1000,pareto,1.16,50,21,1.0,30,10000,0.0,0,0.0,0.0,0.0,2,0.0,0.0,rotatividade,produzido,0.349206,0.052442,30,42
20260703-013755,55,G11,entrincheiramento,1000,pareto,1.16,50,21,1.0,30,10000,0.0,0,0.0,0.0,0.0,2,0.0,0.0,persistencia,stake,0.825397,0.026221,30,42
20260703-013755,55,G11,entrincheiramento,1000,pareto,1.16,50,21,1.0,30,10000,0.0,0,0.0,0.0,0.0,2,0.0,0.0,persistencia,eleito,0.825397,0.026221,30,42
20260703-013755,55,G11,entrincheiramento,1000,pareto,1.16,50,21,1.0,30,10000,0.0,0,0.0,0.0,0.0,2,0.0,0.0,persistencia,produzido,0.825397,0.026221,30,42
20260703-013755,55,G11,entrincheiramento,1000,pareto,1.16,50,21,1.0,30,10000,0.0,0,0.0,0.0,0.0,2,0.0,0.0,permanencia_media,stake,1.825397,0.026221,30,42
20260703-013755,55,G11,entrincheiramento,1000,pareto,1.16,50,21,1.0,30,10000,0.0,0,0.0,0.0,0.0,2,0.0,0.0,permanencia_media,eleito,1.825397,0.026221,30,42
20260703-013755,55,G11,entrincheiramento,1000,pareto,1.16,50,21,1.0,30,10000,0.0,0,0.0,0.0,0.0,2,0.0,0.0,permanencia_media,produzido,1.825397,0.026221,30,42
20260703-013755,55,G11,entrincheiramento,1000,pareto,1.16,50,21,1.0,30,10000,0.0,0,0.0,0.0,0.0,2,0.0,0.0,diversidade,stake,0.587302,0.013111,30,42
20260703-013755,55,G11,entrincheiramento,1000,pareto,1.16,50,21,1.0,30,10000,0.0,0,0.0,0.0,0.0,2,0.0,0.0,diversidade,eleito,0.587302,0.013111,30,42
20260703-013755,55,G11,entrincheiramento,1000,pareto,1.16,50,21,1.0,30,10000,0.0,0,0.0,0.0,0.0,2,0.0,0.0,diversidade,produzido,0.587302,0.013111,30,42
20260703-013755,56,G11,entrincheiramento,1000,pareto,1.16,50,21,1.0,30,10000,0.0,0,0.0,0.0,0.0,5,0.0,0.0,rotatividade,stake,0.337302,0.056431,30,42
20260703-013755,56,G11,entrincheiramento,1000,pareto,1.16,50,21,1.0,30,10000,0.0,0,0.0,0.0,0.0,5,0.0,0.0,rotatividade,eleito,0.337302,0.056431,30,42
20260703-013755,56,G11,entrincheiramento,1000,pareto,1.16,50,21,1.0,30,10000,0.0,0,0.0,0.0,0.0,5,0.0,0.0,rotatividade,produzido,0.337302,0.056431,30,42
20260703-013755,56,G11,entrincheiramento,1000,pareto,1.16,50,21,1.0,30,10000,0.0,0,0.0,0.0,0.0,5,0.0,0.0,persistencia,stake,0.715873,0.044634,30,42
20260703-013755,56,G11,entrincheiramento,1000,pareto,1.16,50,21,1.0,30,10000,0.0,0,0.0,0.0,0.0,5,0.0,0.0,persistencia,eleito,0.715873,0.044634,30,42
20260703-013755,56,G11,entrincheiramento,1000,pareto,1.16,50,21,1.0,30,10000,0.0,0,0.0,0.0,0.0,5,0.0,0.0,persistencia,produzido,0.715873,0.044634,30,42
20260703-013755,56,G11,entrincheiramento,1000,pareto,1.16,50,21,1.0,30,10000,0.0,0,0.0,0.0,0.0,5,0.0,0.0,permanencia_media,stake,4.071429,0.154549,30,42
20260703-013755,56,G11,entrincheiramento,1000,pareto,1.16,50,21,1.0,30,10000,0.0,0,0.0,0.0,0.0,5,0.0,0.0,permanencia_media,eleito,4.071429,0.154549,30,42
20260703-013755,56,G11,entrincheiramento,1000,pareto,1.16,50,21,1.0,30,10000,0.0,0,0.0,0.0,0.0,5,0.0,0.0,permanencia_media,produzido,4.071429,0.154549,30,42
20260703-013755,56,G11,entrincheiramento,1000,pareto,1.16,50,21,1.0,30,10000,0.0,0,0.0,0.0,0.0,5,0.0,0.0,diversidade,stake,0.285079,0.016059,30,42
20260703-013755,56,G11,entrincheiramento,1000,pareto,1.16,50,21,1.0,30,10000,0.0,0,0.0,0.0,0.0,5,0.0,0.0,diversidade,eleito,0.285079,0.016059,30,42
20260703-013755,56,G11,entrincheiramento,1000,pareto,1.16,50,21,1.0,30,10000,0.0,0,0.0,0.0,0.0,5,0.0,0.0,diversidade,produzido,0.285079,0.016059,30,42
20260703-013755,57,G11,entrincheiramento,1000,pareto,1.16,50,21,1.0,30,10000,0.0,0,0.0,0.0,0.0,10,0.0,0.0,rotatividade,stake,0.34321,0.056075,30,42
20260703-013755,57,G11,entrincheiramento,1000,pareto,1.16,50,21,1.0,30,10000,0.0,0,0.0,0.0,0.0,10,0.0,0.0,rotatividade,eleito,0.34321,0.056075,30,42
20260703-013755,57,G11,entrincheiramento,1000,pareto,1.16,50,21,1.0,30,10000,0.0,0,0.0,0.0,0.0,10,0.0,0.0,rotatividade,produzido,0.34321,0.056075,30,42
20260703-013755,57,G11,entrincheiramento,1000,pareto,1.16,50,21,1.0,30,10000,0.0,0,0.0,0.0,0.0,10,0.0,0.0,persistencia,stake,0.677778,0.047292,30,42
20260703-013755,57,G11,entrincheiramento,1000,pareto,1.16,50,21,1.0,30,10000,0.0,0,0.0,0.0,0.0,10,0.0,0.0,persistencia,eleito,0.677778,0.047292,30,42
20260703-013755,57,G11,entrincheiramento,1000,pareto,1.16,50,21,1.0,30,10000,0.0,0,0.0,0.0,0.0,10,0.0,0.0,persistencia,produzido,0.677778,0.047292,30,42
20260703-013755,57,G11,entrincheiramento,1000,pareto,1.16,50,21,1.0,30,10000,0.0,0,0.0,0.0,0.0,10,0.0,0.0,permanencia_media,stake,7.526984,0.390914,30,42
20260703-013755,57,G11,entrincheiramento,1000,pareto,1.16,50,21,1.0,30,10000,0.0,0,0.0,0.0,0.0,10,0.0,0.0,permanencia_media,eleito,7.526984,0.390914,30,42
20260703-013755,57,G11,entrincheiramento,1000,pareto,1.16,50,21,1.0,30,10000,0.0,0,0.0,0.0,0.0,10,0.0,0.0,permanencia_media,produzido,7.526984,0.390914,30,42
20260703-013755,57,G11,entrincheiramento,1000,pareto,1.16,50,21,1.0,30,10000,0.0,0,0.0,0.0,0.0,10,0.0,0.0,diversidade,stake,0.164603,0.011203,30,42
20260703-013755,57,G11,entrincheiramento,1000,pareto,1.16,50,21,1.0,30,10000,0.0,0,0.0,0.0,0.0,10,0.0,0.0,diversidade,eleito,0.164603,0.011203,30,42
20260703-013755,57,G11,entrincheiramento,1000,pareto,1.16,50,21,1.0,30,10000,0.0,0,0.0,0.0,0.0,10,0.0,0.0,diversidade,produzido,0.164603,0.011203,30,42
20260703-013755,58,G11,entrincheiramento,1000,pareto,1.16,50,21,1.0,30,10000,0.0,0,0.0,0.0,0.0,2,0.5,0.0,rotatividade,stake,0.180952,0.056852,30,42
20260703-013755,58,G11,entrincheiramento,1000,pareto,1.16,50,21,1.0,30,10000,0.0,0,0.0,0.0,0.0,2,0.5,0.0,rotatividade,eleito,0.180952,0.056852,30,42
20260703-013755,58,G11,entrincheiramento,1000,pareto,1.16,50,21,1.0,30,10000,0.0,0,0.0,0.0,0.0,2,0.5,0.0,rotatividade,produzido,0.180952,0.056852,30,42
20260703-013755,58,G11,entrincheiramento,1000,pareto,1.16,50,21,1.0,30,10000,0.0,0,0.0,0.0,0.0,2,0.5,0.0,persistencia,stake,0.909524,0.028426,30,42
20260703-013755,58,G11,entrincheiramento,1000,pareto,1.16,50,21,1.0,30,10000,0.0,0,0.0,0.0,0.0,2,0.5,0.0,persistencia,eleito,0.909524,0.028426,30,42
20260703-013755,58,G11,entrincheiramento,1000,pareto,1.16,50,21,1.0,30,10000,0.0,0,0.0,0.0,0.0,2,0.5,0.0,persistencia,produzido,0.909524,0.028426,30,42
20260703-013755,58,G11,entrincheiramento,1000,pareto,1.16,50,21,1.0,30,10000,0.0,0,0.0,0.0,0.0,2,0.5,0.0,permanencia_media,stake,1.909524,0.028426,30,42
20260703-013755,58,G11,entrincheiramento,1000,pareto,1.16,50,21,1.0,30,10000,0.0,0,0.0,0.0,0.0,2,0.5,0.0,permanencia_media,eleito,1.909524,0.028426,30,42
20260703-013755,58,G11,entrincheiramento,1000,pareto,1.16,50,21,1.0,30,10000,0.0,0,0.0,0.0,0.0,2,0.5,0.0,permanencia_media,produzido,1.909524,0.028426,30,42
20260703-013755,58,G11,entrincheiramento,1000,pareto,1.16,50,21,1.0,30,10000,0.0,0,0.0,0.0,0.0,2,0.5,0.0,diversidade,stake,0.545238,0.014213,30,42
20260703-013755,58,G11,entrincheiramento,1000,pareto,1.16,50,21,1.0,30,10000,0.0,0,0.0,0.0,0.0,2,0.5,0.0,diversidade,eleito,0.545238,0.014213,30,42
20260703-013755,58,G11,entrincheiramento,1000,pareto,1.16,50,21,1.0,30,10000,0.0,0,0.0,0.0,0.0,2,0.5,0.0,diversidade,produzido,0.545238,0.014213,30,42
20260703-013755,59,G11,entrincheiramento,1000,pareto,1.16,50,21,1.0,30,10000,0.0,0,0.0,0.0,0.0,5,0.5,0.0,rotatividade,stake,0.17381,0.059878,30,42
20260703-013755,59,G11,entrincheiramento,1000,pareto,1.16,50,21,1.0,30,10000,0.0,0,0.0,0.0,0.0,5,0.5,0.0,rotatividade,eleito,0.17381,0.059878,30,42
20260703-013755,59,G11,entrincheiramento,1000,pareto,1.16,50,21,1.0,30,10000,0.0,0,0.0,0.0,0.0,5,0.5,0.0,rotatividade,produzido,0.17381,0.059878,30,42
20260703-013755,59,G11,entrincheiramento,1000,pareto,1.16,50,21,1.0,30,10000,0.0,0,0.0,0.0,0.0,5,0.5,0.0,persistencia,stake,0.828571,0.048114,30,42
20260703-013755,59,G11,entrincheiramento,1000,pareto,1.16,50,21,1.0,30,10000,0.0,0,0.0,0.0,0.0,5,0.5,0.0,persistencia,eleito,0.828571,0.048114,30,42
20260703-013755,59,G11,entrincheiramento,1000,pareto,1.16,50,21,1.0,30,10000,0.0,0,0.0,0.0,0.0,5,0.5,0.0,persistencia,produzido,0.828571,0.048114,30,42
20260703-013755,59,G11,entrincheiramento,1000,pareto,1.16,50,21,1.0,30,10000,0.0,0,0.0,0.0,0.0,5,0.5,0.0,permanencia_media,stake,4.479365,0.167076,30,42
20260703-013755,59,G11,entrincheiramento,1000,pareto,1.16,50,21,1.0,30,10000,0.0,0,0.0,0.0,0.0,5,0.5,0.0,permanencia_media,eleito,4.479365,0.167076,30,42
20260703-013755,59,G11,entrincheiramento,1000,pareto,1.16,50,21,1.0,30,10000,0.0,0,0.0,0.0,0.0,5,0.5,0.0,permanencia_media,produzido,4.479365,0.167076,30,42
20260703-013755,59,G11,entrincheiramento,1000,pareto,1.16,50,21,1.0,30,10000,0.0,0,0.0,0.0,0.0,5,0.5,0.0,diversidade,stake,0.254921,0.018027,30,42
20260703-013755,59,G11,entrincheiramento,1000,pareto,1.16,50,21,1.0,30,10000,0.0,0,0.0,0.0,0.0,5,0.5,0.0,diversidade,eleito,0.254921,0.018027,30,42
20260703-013755,59,G11,entrincheiramento,1000,pareto,1.16,50,21,1.0,30,10000,0.0,0,0.0,0.0,0.0,5,0.5,0.0,diversidade,produzido,0.254921,0.018027,30,42
20260703-013755,60,G11,entrincheiramento,1000,pareto,1.16,50,21,1.0,30,10000,0.0,0,0.0,0.0,0.0,10,0.5,0.0,rotatividade,stake,0.165432,0.054581,30,42
20260703-013755,60,G11,entrincheiramento,1000,pareto,1.16,50,21,1.0,30,10000,0.0,0,0.0,0.0,0.0,10,0.5,0.0,rotatividade,eleito,0.165432,0.054581,30,42
20260703-013755,60,G11,entrincheiramento,1000,pareto,1.16,50,21,1.0,30,10000,0.0,0,0.0,0.0,0.0,10,0.5,0.0,rotatividade,produzido,0.165432,0.054581,30,42
20260703-013755,60,G11,entrincheiramento,1000,pareto,1.16,50,21,1.0,30,10000,0.0,0,0.0,0.0,0.0,10,0.5,0.0,persistencia,stake,0.793651,0.052442,30,42
20260703-013755,60,G11,entrincheiramento,1000,pareto,1.16,50,21,1.0,30,10000,0.0,0,0.0,0.0,0.0,10,0.5,0.0,persistencia,eleito,0.793651,0.052442,30,42
20260703-013755,60,G11,entrincheiramento,1000,pareto,1.16,50,21,1.0,30,10000,0.0,0,0.0,0.0,0.0,10,0.5,0.0,persistencia,produzido,0.793651,0.052442,30,42
20260703-013755,60,G11,entrincheiramento,1000,pareto,1.16,50,21,1.0,30,10000,0.0,0,0.0,0.0,0.0,10,0.5,0.0,permanencia_media,stake,8.588889,0.420756,30,42
20260703-013755,60,G11,entrincheiramento,1000,pareto,1.16,50,21,1.0,30,10000,0.0,0,0.0,0.0,0.0,10,0.5,0.0,permanencia_media,eleito,8.588889,0.420756,30,42
20260703-013755,60,G11,entrincheiramento,1000,pareto,1.16,50,21,1.0,30,10000,0.0,0,0.0,0.0,0.0,10,0.5,0.0,permanencia_media,produzido,8.588889,0.420756,30,42
20260703-013755,60,G11,entrincheiramento,1000,pareto,1.16,50,21,1.0,30,10000,0.0,0,0.0,0.0,0.0,10,0.5,0.0,diversidade,stake,0.142857,0.01276,30,42
20260703-013755,60,G11,entrincheiramento,1000,pareto,1.16,50,21,1.0,30,10000,0.0,0,0.0,0.0,0.0,10,0.5,0.0,diversidade,eleito,0.142857,0.01276,30,42
20260703-013755,60,G11,entrincheiramento,1000,pareto,1.16,50,21,1.0,30,10000,0.0,0,0.0,0.0,0.0,10,0.5,0.0,diversidade,produzido,0.142857,0.01276,30,42
20260703-013755,61,G11,entrincheiramento,1000,pareto,1.16,50,21,1.0,30,10000,0.0,0,0.0,0.0,0.0,2,1.0,0.0,rotatividade,stake,0.120635,0.050576,30,42
20260703-013755,61,G11,entrincheiramento,1000,pareto,1.16,50,21,1.0,30,10000,0.0,0,0.0,0.0,0.0,2,1.0,0.0,rotatividade,eleito,0.120635,0.050576,30,42
20260703-013755,61,G11,entrincheiramento,1000,pareto,1.16,50,21,1.0,30,10000,0.0,0,0.0,0.0,0.0,2,1.0,0.0,rotatividade,produzido,0.120635,0.050576,30,42
20260703-013755,61,G11,entrincheiramento,1000,pareto,1.16,50,21,1.0,30,10000,0.0,0,0.0,0.0,0.0,2,1.0,0.0,persistencia,stake,0.939683,0.025288,30,42
20260703-013755,61,G11,entrincheiramento,1000,pareto,1.16,50,21,1.0,30,10000,0.0,0,0.0,0.0,0.0,2,1.0,0.0,persistencia,eleito,0.939683,0.025288,30,42
20260703-013755,61,G11,entrincheiramento,1000,pareto,1.16,50,21,1.0,30,10000,0.0,0,0.0,0.0,0.0,2,1.0,0.0,persistencia,produzido,0.939683,0.025288,30,42
20260703-013755,61,G11,entrincheiramento,1000,pareto,1.16,50,21,1.0,30,10000,0.0,0,0.0,0.0,0.0,2,1.0,0.0,permanencia_media,stake,1.939683,0.025288,30,42
20260703-013755,61,G11,entrincheiramento,1000,pareto,1.16,50,21,1.0,30,10000,0.0,0,0.0,0.0,0.0,2,1.0,0.0,permanencia_media,eleito,1.939683,0.025288,30,42
20260703-013755,61,G11,entrincheiramento,1000,pareto,1.16,50,21,1.0,30,10000,0.0,0,0.0,0.0,0.0,2,1.0,0.0,permanencia_media,produzido,1.939683,0.025288,30,42
20260703-013755,61,G11,entrincheiramento,1000,pareto,1.16,50,21,1.0,30,10000,0.0,0,0.0,0.0,0.0,2,1.0,0.0,diversidade,stake,0.530159,0.012644,30,42
20260703-013755,61,G11,entrincheiramento,1000,pareto,1.16,50,21,1.0,30,10000,0.0,0,0.0,0.0,0.0,2,1.0,0.0,diversidade,eleito,0.530159,0.012644,30,42
20260703-013755,61,G11,entrincheiramento,1000,pareto,1.16,50,21,1.0,30,10000,0.0,0,0.0,0.0,0.0,2,1.0,0.0,diversidade,produzido,0.530159,0.012644,30,42
20260703-013755,62,G11,entrincheiramento,1000,pareto,1.16,50,21,1.0,30,10000,0.0,0,0.0,0.0,0.0,5,1.0,0.0,rotatividade,stake,0.11746,0.047514,30,42
20260703-013755,62,G11,entrincheiramento,1000,pareto,1.16,50,21,1.0,30,10000,0.0,0,0.0,0.0,0.0,5,1.0,0.0,rotatividade,eleito,0.11746,0.047514,30,42
20260703-013755,62,G11,entrincheiramento,1000,pareto,1.16,50,21,1.0,30,10000,0.0,0,0.0,0.0,0.0,5,1.0,0.0,rotatividade,produzido,0.11746,0.047514,30,42
20260703-013755,62,G11,entrincheiramento,1000,pareto,1.16,50,21,1.0,30,10000,0.0,0,0.0,0.0,0.0,5,1.0,0.0,persistencia,stake,0.871429,0.045449,30,42
20260703-013755,62,G11,entrincheiramento,1000,pareto,1.16,50,21,1.0,30,10000,0.0,0,0.0,0.0,0.0,5,1.0,0.0,persistencia,eleito,0.871429,0.045449,30,42
20260703-013755,62,G11,entrincheiramento,1000,pareto,1.16,50,21,1.0,30,10000,0.0,0,0.0,0.0,0.0,5,1.0,0.0,persistencia,produzido,0.871429,0.045449,30,42
20260703-013755,62,G11,entrincheiramento,1000,pareto,1.16,50,21,1.0,30,10000,0.0,0,0.0,0.0,0.0,5,1.0,0.0,permanencia_media,stake,4.619048,0.144799,30,42
20260703-013755,62,G11,entrincheiramento,1000,pareto,1.16,50,21,1.0,30,10000,0.0,0,0.0,0.0,0.0,5,1.0,0.0,permanencia_media,eleito,4.619048,0.144799,30,42
20260703-013755,62,G11,entrincheiramento,1000,pareto,1.16,50,21,1.0,30,10000,0.0,0,0.0,0.0,0.0,5,1.0,0.0,permanencia_media,produzido,4.619048,0.144799,30,42
20260703-013755,62,G11,entrincheiramento,1000,pareto,1.16,50,21,1.0,30,10000,0.0,0,0.0,0.0,0.0,5,1.0,0.0,diversidade,stake,0.24,0.015512,30,42
20260703-013755,62,G11,entrincheiramento,1000,pareto,1.16,50,21,1.0,30,10000,0.0,0,0.0,0.0,0.0,5,1.0,0.0,diversidade,eleito,0.24,0.015512,30,42
20260703-013755,62,G11,entrincheiramento,1000,pareto,1.16,50,21,1.0,30,10000,0.0,0,0.0,0.0,0.0,5,1.0,0.0,diversidade,produzido,0.24,0.015512,30,42
20260703-013755,63,G11,entrincheiramento,1000,pareto,1.16,50,21,1.0,30,10000,0.0,0,0.0,0.0,0.0,10,1.0,0.0,rotatividade,stake,0.104762,0.040861,30,42
20260703-013755,63,G11,entrincheiramento,1000,pareto,1.16,50,21,1.0,30,10000,0.0,0,0.0,0.0,0.0,10,1.0,0.0,rotatividade,eleito,0.104762,0.040861,30,42
20260703-013755,63,G11,entrincheiramento,1000,pareto,1.16,50,21,1.0,30,10000,0.0,0,0.0,0.0,0.0,10,1.0,0.0,rotatividade,produzido,0.104762,0.040861,30,42
20260703-013755,63,G11,entrincheiramento,1000,pareto,1.16,50,21,1.0,30,10000,0.0,0,0.0,0.0,0.0,10,1.0,0.0,persistencia,stake,0.839683,0.051313,30,42
20260703-013755,63,G11,entrincheiramento,1000,pareto,1.16,50,21,1.0,30,10000,0.0,0,0.0,0.0,0.0,10,1.0,0.0,persistencia,eleito,0.839683,0.051313,30,42
20260703-013755,63,G11,entrincheiramento,1000,pareto,1.16,50,21,1.0,30,10000,0.0,0,0.0,0.0,0.0,10,1.0,0.0,persistencia,produzido,0.839683,0.051313,30,42
20260703-013755,63,G11,entrincheiramento,1000,pareto,1.16,50,21,1.0,30,10000,0.0,0,0.0,0.0,0.0,10,1.0,0.0,permanencia_media,stake,9.019048,0.347024,30,42
20260703-013755,63,G11,entrincheiramento,1000,pareto,1.16,50,21,1.0,30,10000,0.0,0,0.0,0.0,0.0,10,1.0,0.0,permanencia_media,eleito,9.019048,0.347024,30,42
20260703-013755,63,G11,entrincheiramento,1000,pareto,1.16,50,21,1.0,30,10000,0.0,0,0.0,0.0,0.0,10,1.0,0.0,permanencia_media,produzido,9.019048,0.347024,30,42
20260703-013755,63,G11,entrincheiramento,1000,pareto,1.16,50,21,1.0,30,10000,0.0,0,0.0,0.0,0.0,10,1.0,0.0,diversidade,stake,0.133175,0.011987,30,42
20260703-013755,63,G11,entrincheiramento,1000,pareto,1.16,50,21,1.0,30,10000,0.0,0,0.0,0.0,0.0,10,1.0,0.0,diversidade,eleito,0.133175,0.011987,30,42
20260703-013755,63,G11,entrincheiramento,1000,pareto,1.16,50,21,1.0,30,10000,0.0,0,0.0,0.0,0.0,10,1.0,0.0,diversidade,produzido,0.133175,0.011987,30,42
20260703-013755,64,G11,entrincheiramento,1000,pareto,1.16,100,21,1.0,30,10000,0.0,0,0.0,0.0,0.0,2,0.0,0.0,rotatividade,stake,0.396825,0.083039,30,42
20260703-013755,64,G11,entrincheiramento,1000,pareto,1.16,100,21,1.0,30,10000,0.0,0,0.0,0.0,0.0,2,0.0,0.0,rotatividade,eleito,0.396825,0.083039,30,42
20260703-013755,64,G11,entrincheiramento,1000,pareto,1.16,100,21,1.0,30,10000,0.0,0,0.0,0.0,0.0,2,0.0,0.0,rotatividade,produzido,0.396825,0.083039,30,42
20260703-013755,64,G11,entrincheiramento,1000,pareto,1.16,100,21,1.0,30,10000,0.0,0,0.0,0.0,0.0,2,0.0,0.0,persistencia,stake,0.801587,0.041519,30,42
20260703-013755,64,G11,entrincheiramento,1000,pareto,1.16,100,21,1.0,30,10000,0.0,0,0.0,0.0,0.0,2,0.0,0.0,persistencia,eleito,0.801587,0.041519,30,42
20260703-013755,64,G11,entrincheiramento,1000,pareto,1.16,100,21,1.0,30,10000,0.0,0,0.0,0.0,0.0,2,0.0,0.0,persistencia,produzido,0.801587,0.041519,30,42
20260703-013755,64,G11,entrincheiramento,1000,pareto,1.16,100,21,1.0,30,10000,0.0,0,0.0,0.0,0.0,2,0.0,0.0,permanencia_media,stake,1.801587,0.041519,30,42
20260703-013755,64,G11,entrincheiramento,1000,pareto,1.16,100,21,1.0,30,10000,0.0,0,0.0,0.0,0.0,2,0.0,0.0,permanencia_media,eleito,1.801587,0.041519,30,42
20260703-013755,64,G11,entrincheiramento,1000,pareto,1.16,100,21,1.0,30,10000,0.0,0,0.0,0.0,0.0,2,0.0,0.0,permanencia_media,produzido,1.801587,0.041519,30,42
20260703-013755,64,G11,entrincheiramento,1000,pareto,1.16,100,21,1.0,30,10000,0.0,0,0.0,0.0,0.0,2,0.0,0.0,diversidade,stake,0.599206,0.02076,30,42
20260703-013755,64,G11,entrincheiramento,1000,pareto,1.16,100,21,1.0,30,10000,0.0,0,0.0,0.0,0.0,2,0.0,0.0,diversidade,eleito,0.599206,0.02076,30,42
20260703-013755,64,G11,entrincheiramento,1000,pareto,1.16,100,21,1.0,30,10000,0.0,0,0.0,0.0,0.0,2,0.0,0.0,diversidade,produzido,0.599206,0.02076,30,42
20260703-013755,65,G11,entrincheiramento,1000,pareto,1.16,100,21,1.0,30,10000,0.0,0,0.0,0.0,0.0,5,0.0,0.0,rotatividade,stake,0.429365,0.08016,30,42
20260703-013755,65,G11,entrincheiramento,1000,pareto,1.16,100,21,1.0,30,10000,0.0,0,0.0,0.0,0.0,5,0.0,0.0,rotatividade,eleito,0.429365,0.08016,30,42
20260703-013755,65,G11,entrincheiramento,1000,pareto,1.16,100,21,1.0,30,10000,0.0,0,0.0,0.0,0.0,5,0.0,0.0,rotatividade,produzido,0.429365,0.08016,30,42
20260703-013755,65,G11,entrincheiramento,1000,pareto,1.16,100,21,1.0,30,10000,0.0,0,0.0,0.0,0.0,5,0.0,0.0,persistencia,stake,0.679365,0.051789,30,42
20260703-013755,65,G11,entrincheiramento,1000,pareto,1.16,100,21,1.0,30,10000,0.0,0,0.0,0.0,0.0,5,0.0,0.0,persistencia,eleito,0.679365,0.051789,30,42
20260703-013755,65,G11,entrincheiramento,1000,pareto,1.16,100,21,1.0,30,10000,0.0,0,0.0,0.0,0.0,5,0.0,0.0,persistencia,produzido,0.679365,0.051789,30,42
20260703-013755,65,G11,entrincheiramento,1000,pareto,1.16,100,21,1.0,30,10000,0.0,0,0.0,0.0,0.0,5,0.0,0.0,permanencia_media,stake,3.865079,0.199982,30,42
20260703-013755,65,G11,entrincheiramento,1000,pareto,1.16,100,21,1.0,30,10000,0.0,0,0.0,0.0,0.0,5,0.0,0.0,permanencia_media,eleito,3.865079,0.199982,30,42
20260703-013755,65,G11,entrincheiramento,1000,pareto,1.16,100,21,1.0,30,10000,0.0,0,0.0,0.0,0.0,5,0.0,0.0,permanencia_media,produzido,3.865079,0.199982,30,42
20260703-013755,65,G11,entrincheiramento,1000,pareto,1.16,100,21,1.0,30,10000,0.0,0,0.0,0.0,0.0,5,0.0,0.0,diversidade,stake,0.318095,0.025371,30,42
20260703-013755,65,G11,entrincheiramento,1000,pareto,1.16,100,21,1.0,30,10000,0.0,0,0.0,0.0,0.0,5,0.0,0.0,diversidade,eleito,0.318095,0.025371,30,42
20260703-013755,65,G11,entrincheiramento,1000,pareto,1.16,100,21,1.0,30,10000,0.0,0,0.0,0.0,0.0,5,0.0,0.0,diversidade,produzido,0.318095,0.025371,30,42
20260703-013755,66,G11,entrincheiramento,1000,pareto,1.16,100,21,1.0,30,10000,0.0,0,0.0,0.0,0.0,10,0.0,0.0,rotatividade,stake,0.434215,0.085738,30,42
20260703-013755,66,G11,entrincheiramento,1000,pareto,1.16,100,21,1.0,30,10000,0.0,0,0.0,0.0,0.0,10,0.0,0.0,rotatividade,eleito,0.434215,0.085738,30,42
20260703-013755,66,G11,entrincheiramento,1000,pareto,1.16,100,21,1.0,30,10000,0.0,0,0.0,0.0,0.0,10,0.0,0.0,rotatividade,produzido,0.434215,0.085738,30,42
20260703-013755,66,G11,entrincheiramento,1000,pareto,1.16,100,21,1.0,30,10000,0.0,0,0.0,0.0,0.0,10,0.0,0.0,persistencia,stake,0.628571,0.059097,30,42
20260703-013755,66,G11,entrincheiramento,1000,pareto,1.16,100,21,1.0,30,10000,0.0,0,0.0,0.0,0.0,10,0.0,0.0,persistencia,eleito,0.628571,0.059097,30,42
20260703-013755,66,G11,entrincheiramento,1000,pareto,1.16,100,21,1.0,30,10000,0.0,0,0.0,0.0,0.0,10,0.0,0.0,persistencia,produzido,0.628571,0.059097,30,42
20260703-013755,66,G11,entrincheiramento,1000,pareto,1.16,100,21,1.0,30,10000,0.0,0,0.0,0.0,0.0,10,0.0,0.0,permanencia_media,stake,7.046032,0.501388,30,42
20260703-013755,66,G11,entrincheiramento,1000,pareto,1.16,100,21,1.0,30,10000,0.0,0,0.0,0.0,0.0,10,0.0,0.0,permanencia_media,eleito,7.046032,0.501388,30,42
20260703-013755,66,G11,entrincheiramento,1000,pareto,1.16,100,21,1.0,30,10000,0.0,0,0.0,0.0,0.0,10,0.0,0.0,permanencia_media,produzido,7.046032,0.501388,30,42
20260703-013755,66,G11,entrincheiramento,1000,pareto,1.16,100,21,1.0,30,10000,0.0,0,0.0,0.0,0.0,10,0.0,0.0,diversidade,stake,0.195714,0.02371,30,42
20260703-013755,66,G11,entrincheiramento,1000,pareto,1.16,100,21,1.0,30,10000,0.0,0,0.0,0.0,0.0,10,0.0,0.0,diversidade,eleito,0.195714,0.02371,30,42
20260703-013755,66,G11,entrincheiramento,1000,pareto,1.16,100,21,1.0,30,10000,0.0,0,0.0,0.0,0.0,10,0.0,0.0,diversidade,produzido,0.195714,0.02371,30,42
20260703-013755,67,G11,entrincheiramento,1000,pareto,1.16,100,21,1.0,30,10000,0.0,0,0.0,0.0,0.0,2,0.5,0.0,rotatividade,stake,0.24127,0.08287,30,42
20260703-013755,67,G11,entrincheiramento,1000,pareto,1.16,100,21,1.0,30,10000,0.0,0,0.0,0.0,0.0,2,0.5,0.0,rotatividade,eleito,0.24127,0.08287,30,42
20260703-013755,67,G11,entrincheiramento,1000,pareto,1.16,100,21,1.0,30,10000,0.0,0,0.0,0.0,0.0,2,0.5,0.0,rotatividade,produzido,0.24127,0.08287,30,42
20260703-013755,67,G11,entrincheiramento,1000,pareto,1.16,100,21,1.0,30,10000,0.0,0,0.0,0.0,0.0,2,0.5,0.0,persistencia,stake,0.879365,0.041435,30,42
20260703-013755,67,G11,entrincheiramento,1000,pareto,1.16,100,21,1.0,30,10000,0.0,0,0.0,0.0,0.0,2,0.5,0.0,persistencia,eleito,0.879365,0.041435,30,42
20260703-013755,67,G11,entrincheiramento,1000,pareto,1.16,100,21,1.0,30,10000,0.0,0,0.0,0.0,0.0,2,0.5,0.0,persistencia,produzido,0.879365,0.041435,30,42
20260703-013755,67,G11,entrincheiramento,1000,pareto,1.16,100,21,1.0,30,10000,0.0,0,0.0,0.0,0.0,2,0.5,0.0,permanencia_media,stake,1.879365,0.041435,30,42
20260703-013755,67,G11,entrincheiramento,1000,pareto,1.16,100,21,1.0,30,10000,0.0,0,0.0,0.0,0.0,2,0.5,0.0,permanencia_media,eleito,1.879365,0.041435,30,42
20260703-013755,67,G11,entrincheiramento,1000,pareto,1.16,100,21,1.0,30,10000,0.0,0,0.0,0.0,0.0,2,0.5,0.0,permanencia_media,produzido,1.879365,0.041435,30,42
20260703-013755,67,G11,entrincheiramento,1000,pareto,1.16,100,21,1.0,30,10000,0.0,0,0.0,0.0,0.0,2,0.5,0.0,diversidade,stake,0.560317,0.020717,30,42
20260703-013755,67,G11,entrincheiramento,1000,pareto,1.16,100,21,1.0,30,10000,0.0,0,0.0,0.0,0.0,2,0.5,0.0,diversidade,eleito,0.560317,0.020717,30,42
20260703-013755,67,G11,entrincheiramento,1000,pareto,1.16,100,21,1.0,30,10000,0.0,0,0.0,0.0,0.0,2,0.5,0.0,diversidade,produzido,0.560317,0.020717,30,42
20260703-013755,68,G11,entrincheiramento,1000,pareto,1.16,100,21,1.0,30,10000,0.0,0,0.0,0.0,0.0,5,0.5,0.0,rotatividade,stake,0.219841,0.075735,30,42
20260703-013755,68,G11,entrincheiramento,1000,pareto,1.16,100,21,1.0,30,10000,0.0,0,0.0,0.0,0.0,5,0.5,0.0,rotatividade,eleito,0.219841,0.075735,30,42
20260703-013755,68,G11,entrincheiramento,1000,pareto,1.16,100,21,1.0,30,10000,0.0,0,0.0,0.0,0.0,5,0.5,0.0,rotatividade,produzido,0.219841,0.075735,30,42
20260703-013755,68,G11,entrincheiramento,1000,pareto,1.16,100,21,1.0,30,10000,0.0,0,0.0,0.0,0.0,5,0.5,0.0,persistencia,stake,0.806349,0.053501,30,42
20260703-013755,68,G11,entrincheiramento,1000,pareto,1.16,100,21,1.0,30,10000,0.0,0,0.0,0.0,0.0,5,0.5,0.0,persistencia,eleito,0.806349,0.053501,30,42
20260703-013755,68,G11,entrincheiramento,1000,pareto,1.16,100,21,1.0,30,10000,0.0,0,0.0,0.0,0.0,5,0.5,0.0,persistencia,produzido,0.806349,0.053501,30,42
20260703-013755,68,G11,entrincheiramento,1000,pareto,1.16,100,21,1.0,30,10000,0.0,0,0.0,0.0,0.0,5,0.5,0.0,permanencia_media,stake,4.401587,0.188252,30,42
20260703-013755,68,G11,entrincheiramento,1000,pareto,1.16,100,21,1.0,30,10000,0.0,0,0.0,0.0,0.0,5,0.5,0.0,permanencia_media,eleito,4.401587,0.188252,30,42
20260703-013755,68,G11,entrincheiramento,1000,pareto,1.16,100,21,1.0,30,10000,0.0,0,0.0,0.0,0.0,5,0.5,0.0,permanencia_media,produzido,4.401587,0.188252,30,42
20260703-013755,68,G11,entrincheiramento,1000,pareto,1.16,100,21,1.0,30,10000,0.0,0,0.0,0.0,0.0,5,0.5,0.0,diversidade,stake,0.273968,0.025577,30,42
20260703-013755,68,G11,entrincheiramento,1000,pareto,1.16,100,21,1.0,30,10000,0.0,0,0.0,0.0,0.0,5,0.5,0.0,diversidade,eleito,0.273968,0.025577,30,42
20260703-013755,68,G11,entrincheiramento,1000,pareto,1.16,100,21,1.0,30,10000,0.0,0,0.0,0.0,0.0,5,0.5,0.0,diversidade,produzido,0.273968,0.025577,30,42
20260703-013755,69,G11,entrincheiramento,1000,pareto,1.16,100,21,1.0,30,10000,0.0,0,0.0,0.0,0.0,10,0.5,0.0,rotatividade,stake,0.229982,0.081689,30,42
20260703-013755,69,G11,entrincheiramento,1000,pareto,1.16,100,21,1.0,30,10000,0.0,0,0.0,0.0,0.0,10,0.5,0.0,rotatividade,eleito,0.229982,0.081689,30,42
20260703-013755,69,G11,entrincheiramento,1000,pareto,1.16,100,21,1.0,30,10000,0.0,0,0.0,0.0,0.0,10,0.5,0.0,rotatividade,produzido,0.229982,0.081689,30,42
20260703-013755,69,G11,entrincheiramento,1000,pareto,1.16,100,21,1.0,30,10000,0.0,0,0.0,0.0,0.0,10,0.5,0.0,persistencia,stake,0.760317,0.062727,30,42
20260703-013755,69,G11,entrincheiramento,1000,pareto,1.16,100,21,1.0,30,10000,0.0,0,0.0,0.0,0.0,10,0.5,0.0,persistencia,eleito,0.760317,0.062727,30,42
20260703-013755,69,G11,entrincheiramento,1000,pareto,1.16,100,21,1.0,30,10000,0.0,0,0.0,0.0,0.0,10,0.5,0.0,persistencia,produzido,0.760317,0.062727,30,42
20260703-013755,69,G11,entrincheiramento,1000,pareto,1.16,100,21,1.0,30,10000,0.0,0,0.0,0.0,0.0,10,0.5,0.0,permanencia_media,stake,8.238095,0.527518,30,42
20260703-013755,69,G11,entrincheiramento,1000,pareto,1.16,100,21,1.0,30,10000,0.0,0,0.0,0.0,0.0,10,0.5,0.0,permanencia_media,eleito,8.238095,0.527518,30,42
20260703-013755,69,G11,entrincheiramento,1000,pareto,1.16,100,21,1.0,30,10000,0.0,0,0.0,0.0,0.0,10,0.5,0.0,permanencia_media,produzido,8.238095,0.527518,30,42
20260703-013755,69,G11,entrincheiramento,1000,pareto,1.16,100,21,1.0,30,10000,0.0,0,0.0,0.0,0.0,10,0.5,0.0,diversidade,stake,0.167302,0.023449,30,42
20260703-013755,69,G11,entrincheiramento,1000,pareto,1.16,100,21,1.0,30,10000,0.0,0,0.0,0.0,0.0,10,0.5,0.0,diversidade,eleito,0.167302,0.023449,30,42
20260703-013755,69,G11,entrincheiramento,1000,pareto,1.16,100,21,1.0,30,10000,0.0,0,0.0,0.0,0.0,10,0.5,0.0,diversidade,produzido,0.167302,0.023449,30,42
20260703-013755,70,G11,entrincheiramento,1000,pareto,1.16,100,21,1.0,30,10000,0.0,0,0.0,0.0,0.0,2,1.0,0.0,rotatividade,stake,0.187302,0.077758,30,42
20260703-013755,70,G11,entrincheiramento,1000,pareto,1.16,100,21,1.0,30,10000,0.0,0,0.0,0.0,0.0,2,1.0,0.0,rotatividade,eleito,0.187302,0.077758,30,42
20260703-013755,70,G11,entrincheiramento,1000,pareto,1.16,100,21,1.0,30,10000,0.0,0,0.0,0.0,0.0,2,1.0,0.0,rotatividade,produzido,0.187302,0.077758,30,42
20260703-013755,70,G11,entrincheiramento,1000,pareto,1.16,100,21,1.0,30,10000,0.0,0,0.0,0.0,0.0,2,1.0,0.0,persistencia,stake,0.906349,0.038879,30,42
20260703-013755,70,G11,entrincheiramento,1000,pareto,1.16,100,21,1.0,30,10000,0.0,0,0.0,0.0,0.0,2,1.0,0.0,persistencia,eleito,0.906349,0.038879,30,42
20260703-013755,70,G11,entrincheiramento,1000,pareto,1.16,100,21,1.0,30,10000,0.0,0,0.0,0.0,0.0,2,1.0,0.0,persistencia,produzido,0.906349,0.038879,30,42
20260703-013755,70,G11,entrincheiramento,1000,pareto,1.16,100,21,1.0,30,10000,0.0,0,0.0,0.0,0.0,2,1.0,0.0,permanencia_media,stake,1.906349,0.038879,30,42
20260703-013755,70,G11,entrincheiramento,1000,pareto,1.16,100,21,1.0,30,10000,0.0,0,0.0,0.0,0.0,2,1.0,0.0,permanencia_media,eleito,1.906349,0.038879,30,42
20260703-013755,70,G11,entrincheiramento,1000,pareto,1.16,100,21,1.0,30,10000,0.0,0,0.0,0.0,0.0,2,1.0,0.0,permanencia_media,produzido,1.906349,0.038879,30,42
20260703-013755,70,G11,entrincheiramento,1000,pareto,1.16,100,21,1.0,30,10000,0.0,0,0.0,0.0,0.0,2,1.0,0.0,diversidade,stake,0.546825,0.01944,30,42
20260703-013755,70,G11,entrincheiramento,1000,pareto,1.16,100,21,1.0,30,10000,0.0,0,0.0,0.0,0.0,2,1.0,0.0,diversidade,eleito,0.546825,0.01944,30,42
20260703-013755,70,G11,entrincheiramento,1000,pareto,1.16,100,21,1.0,30,10000,0.0,0,0.0,0.0,0.0,2,1.0,0.0,diversidade,produzido,0.546825,0.01944,30,42
20260703-013755,71,G11,entrincheiramento,1000,pareto,1.16,100,21,1.0,30,10000,0.0,0,0.0,0.0,0.0,5,1.0,0.0,rotatividade,stake,0.159524,0.064234,30,42
20260703-013755,71,G11,entrincheiramento,1000,pareto,1.16,100,21,1.0,30,10000,0.0,0,0.0,0.0,0.0,5,1.0,0.0,rotatividade,eleito,0.159524,0.064234,30,42
20260703-013755,71,G11,entrincheiramento,1000,pareto,1.16,100,21,1.0,30,10000,0.0,0,0.0,0.0,0.0,5,1.0,0.0,rotatividade,produzido,0.159524,0.064234,30,42
20260703-013755,71,G11,entrincheiramento,1000,pareto,1.16,100,21,1.0,30,10000,0.0,0,0.0,0.0,0.0,5,1.0,0.0,persistencia,stake,0.852381,0.053391,30,42
20260703-013755,71,G11,entrincheiramento,1000,pareto,1.16,100,21,1.0,30,10000,0.0,0,0.0,0.0,0.0,5,1.0,0.0,persistencia,eleito,0.852381,0.053391,30,42
20260703-013755,71,G11,entrincheiramento,1000,pareto,1.16,100,21,1.0,30,10000,0.0,0,0.0,0.0,0.0,5,1.0,0.0,persistencia,produzido,0.852381,0.053391,30,42
20260703-013755,71,G11,entrincheiramento,1000,pareto,1.16,100,21,1.0,30,10000,0.0,0,0.0,0.0,0.0,5,1.0,0.0,permanencia_media,stake,4.552381,0.169967,30,42
20260703-013755,71,G11,entrincheiramento,1000,pareto,1.16,100,21,1.0,30,10000,0.0,0,0.0,0.0,0.0,5,1.0,0.0,permanencia_media,eleito,4.552381,0.169967,30,42
20260703-013755,71,G11,entrincheiramento,1000,pareto,1.16,100,21,1.0,30,10000,0.0,0,0.0,0.0,0.0,5,1.0,0.0,permanencia_media,produzido,4.552381,0.169967,30,42
20260703-013755,71,G11,entrincheiramento,1000,pareto,1.16,100,21,1.0,30,10000,0.0,0,0.0,0.0,0.0,5,1.0,0.0,diversidade,stake,0.256508,0.022266,30,42
20260703-013755,71,G11,entrincheiramento,1000,pareto,1.16,100,21,1.0,30,10000,0.0,0,0.0,0.0,0.0,5,1.0,0.0,diversidade,eleito,0.256508,0.022266,30,42
20260703-013755,71,G11,entrincheiramento,1000,pareto,1.16,100,21,1.0,30,10000,0.0,0,0.0,0.0,0.0,5,1.0,0.0,diversidade,produzido,0.256508,0.022266,30,42
20260703-013755,72,G11,entrincheiramento,1000,pareto,1.16,100,21,1.0,30,10000,0.0,0,0.0,0.0,0.0,10,1.0,0.0,rotatividade,stake,0.159788,0.065861,30,42
20260703-013755,72,G11,entrincheiramento,1000,pareto,1.16,100,21,1.0,30,10000,0.0,0,0.0,0.0,0.0,10,1.0,0.0,rotatividade,eleito,0.159788,0.065861,30,42
20260703-013755,72,G11,entrincheiramento,1000,pareto,1.16,100,21,1.0,30,10000,0.0,0,0.0,0.0,0.0,10,1.0,0.0,rotatividade,produzido,0.159788,0.065861,30,42
20260703-013755,72,G11,entrincheiramento,1000,pareto,1.16,100,21,1.0,30,10000,0.0,0,0.0,0.0,0.0,10,1.0,0.0,persistencia,stake,0.820635,0.061956,30,42
20260703-013755,72,G11,entrincheiramento,1000,pareto,1.16,100,21,1.0,30,10000,0.0,0,0.0,0.0,0.0,10,1.0,0.0,persistencia,eleito,0.820635,0.061956,30,42
20260703-013755,72,G11,entrincheiramento,1000,pareto,1.16,100,21,1.0,30,10000,0.0,0,0.0,0.0,0.0,10,1.0,0.0,persistencia,produzido,0.820635,0.061956,30,42
20260703-013755,72,G11,entrincheiramento,1000,pareto,1.16,100,21,1.0,30,10000,0.0,0,0.0,0.0,0.0,10,1.0,0.0,permanencia_media,stake,8.768254,0.468075,30,42
20260703-013755,72,G11,entrincheiramento,1000,pareto,1.16,100,21,1.0,30,10000,0.0,0,0.0,0.0,0.0,10,1.0,0.0,permanencia_media,eleito,8.768254,0.468075,30,42
20260703-013755,72,G11,entrincheiramento,1000,pareto,1.16,100,21,1.0,30,10000,0.0,0,0.0,0.0,0.0,10,1.0,0.0,permanencia_media,produzido,8.768254,0.468075,30,42
20260703-013755,72,G11,entrincheiramento,1000,pareto,1.16,100,21,1.0,30,10000,0.0,0,0.0,0.0,0.0,10,1.0,0.0,diversidade,stake,0.152222,0.020631,30,42
20260703-013755,72,G11,entrincheiramento,1000,pareto,1.16,100,21,1.0,30,10000,0.0,0,0.0,0.0,0.0,10,1.0,0.0,diversidade,eleito,0.152222,0.020631,30,42
20260703-013755,72,G11,entrincheiramento,1000,pareto,1.16,100,21,1.0,30,10000,0.0,0,0.0,0.0,0.0,10,1.0,0.0,diversidade,produzido,0.152222,0.020631,30,42
20260703-013755,73,G11,entrincheiramento,1000,pareto,1.16,150,21,1.0,30,10000,0.0,0,0.0,0.0,0.0,2,0.0,0.0,rotatividade,stake,0.495238,0.112642,30,42
20260703-013755,73,G11,entrincheiramento,1000,pareto,1.16,150,21,1.0,30,10000,0.0,0,0.0,0.0,0.0,2,0.0,0.0,rotatividade,eleito,0.495238,0.112642,30,42
20260703-013755,73,G11,entrincheiramento,1000,pareto,1.16,150,21,1.0,30,10000,0.0,0,0.0,0.0,0.0,2,0.0,0.0,rotatividade,produzido,0.495238,0.112642,30,42
20260703-013755,73,G11,entrincheiramento,1000,pareto,1.16,150,21,1.0,30,10000,0.0,0,0.0,0.0,0.0,2,0.0,0.0,persistencia,stake,0.752381,0.056321,30,42
20260703-013755,73,G11,entrincheiramento,1000,pareto,1.16,150,21,1.0,30,10000,0.0,0,0.0,0.0,0.0,2,0.0,0.0,persistencia,eleito,0.752381,0.056321,30,42
20260703-013755,73,G11,entrincheiramento,1000,pareto,1.16,150,21,1.0,30,10000,0.0,0,0.0,0.0,0.0,2,0.0,0.0,persistencia,produzido,0.752381,0.056321,30,42
20260703-013755,73,G11,entrincheiramento,1000,pareto,1.16,150,21,1.0,30,10000,0.0,0,0.0,0.0,0.0,2,0.0,0.0,permanencia_media,stake,1.752381,0.056321,30,42
20260703-013755,73,G11,entrincheiramento,1000,pareto,1.16,150,21,1.0,30,10000,0.0,0,0.0,0.0,0.0,2,0.0,0.0,permanencia_media,eleito,1.752381,0.056321,30,42
20260703-013755,73,G11,entrincheiramento,1000,pareto,1.16,150,21,1.0,30,10000,0.0,0,0.0,0.0,0.0,2,0.0,0.0,permanencia_media,produzido,1.752381,0.056321,30,42
20260703-013755,73,G11,entrincheiramento,1000,pareto,1.16,150,21,1.0,30,10000,0.0,0,0.0,0.0,0.0,2,0.0,0.0,diversidade,stake,0.62381,0.02816,30,42
20260703-013755,73,G11,entrincheiramento,1000,pareto,1.16,150,21,1.0,30,10000,0.0,0,0.0,0.0,0.0,2,0.0,0.0,diversidade,eleito,0.62381,0.02816,30,42
20260703-013755,73,G11,entrincheiramento,1000,pareto,1.16,150,21,1.0,30,10000,0.0,0,0.0,0.0,0.0,2,0.0,0.0,diversidade,produzido,0.62381,0.02816,30,42
20260703-013755,74,G11,entrincheiramento,1000,pareto,1.16,150,21,1.0,30,10000,0.0,0,0.0,0.0,0.0,5,0.0,0.0,rotatividade,stake,0.478571,0.103419,30,42
20260703-013755,74,G11,entrincheiramento,1000,pareto,1.16,150,21,1.0,30,10000,0.0,0,0.0,0.0,0.0,5,0.0,0.0,rotatividade,eleito,0.478571,0.103419,30,42
20260703-013755,74,G11,entrincheiramento,1000,pareto,1.16,150,21,1.0,30,10000,0.0,0,0.0,0.0,0.0,5,0.0,0.0,rotatividade,produzido,0.478571,0.103419,30,42
20260703-013755,74,G11,entrincheiramento,1000,pareto,1.16,150,21,1.0,30,10000,0.0,0,0.0,0.0,0.0,5,0.0,0.0,persistencia,stake,0.647619,0.062265,30,42
20260703-013755,74,G11,entrincheiramento,1000,pareto,1.16,150,21,1.0,30,10000,0.0,0,0.0,0.0,0.0,5,0.0,0.0,persistencia,eleito,0.647619,0.062265,30,42
20260703-013755,74,G11,entrincheiramento,1000,pareto,1.16,150,21,1.0,30,10000,0.0,0,0.0,0.0,0.0,5,0.0,0.0,persistencia,produzido,0.647619,0.062265,30,42
20260703-013755,74,G11,entrincheiramento,1000,pareto,1.16,150,21,1.0,30,10000,0.0,0,0.0,0.0,0.0,5,0.0,0.0,permanencia_media,stake,3.806349,0.225751,30,42
20260703-013755,74,G11,entrincheiramento,1000,pareto,1.16,150,21,1.0,30,10000,0.0,0,0.0,0.0,0.0,5,0.0,0.0,permanencia_media,eleito,3.806349,0.225751,30,42
20260703-013755,74,G11,entrincheiramento,1000,pareto,1.16,150,21,1.0,30,10000,0.0,0,0.0,0.0,0.0,5,0.0,0.0,permanencia_media,produzido,3.806349,0.225751,30,42
20260703-013755,74,G11,entrincheiramento,1000,pareto,1.16,150,21,1.0,30,10000,0.0,0,0.0,0.0,0.0,5,0.0,0.0,diversidade,stake,0.33619,0.034164,30,42
20260703-013755,74,G11,entrincheiramento,1000,pareto,1.16,150,21,1.0,30,10000,0.0,0,0.0,0.0,0.0,5,0.0,0.0,diversidade,eleito,0.33619,0.034164,30,42
20260703-013755,74,G11,entrincheiramento,1000,pareto,1.16,150,21,1.0,30,10000,0.0,0,0.0,0.0,0.0,5,0.0,0.0,diversidade,produzido,0.33619,0.034164,30,42
20260703-013755,75,G11,entrincheiramento,1000,pareto,1.16,150,21,1.0,30,10000,0.0,0,0.0,0.0,0.0,10,0.0,0.0,rotatividade,stake,0.479012,0.094775,30,42
20260703-013755,75,G11,entrincheiramento,1000,pareto,1.16,150,21,1.0,30,10000,0.0,0,0.0,0.0,0.0,10,0.0,0.0,rotatividade,eleito,0.479012,0.094775,30,42
20260703-013755,75,G11,entrincheiramento,1000,pareto,1.16,150,21,1.0,30,10000,0.0,0,0.0,0.0,0.0,10,0.0,0.0,rotatividade,produzido,0.479012,0.094775,30,42
20260703-013755,75,G11,entrincheiramento,1000,pareto,1.16,150,21,1.0,30,10000,0.0,0,0.0,0.0,0.0,10,0.0,0.0,persistencia,stake,0.611111,0.061044,30,42
20260703-013755,75,G11,entrincheiramento,1000,pareto,1.16,150,21,1.0,30,10000,0.0,0,0.0,0.0,0.0,10,0.0,0.0,persistencia,eleito,0.611111,0.061044,30,42
20260703-013755,75,G11,entrincheiramento,1000,pareto,1.16,150,21,1.0,30,10000,0.0,0,0.0,0.0,0.0,10,0.0,0.0,persistencia,produzido,0.611111,0.061044,30,42
20260703-013755,75,G11,entrincheiramento,1000,pareto,1.16,150,21,1.0,30,10000,0.0,0,0.0,0.0,0.0,10,0.0,0.0,permanencia_media,stake,6.960317,0.470259,30,42
20260703-013755,75,G11,entrincheiramento,1000,pareto,1.16,150,21,1.0,30,10000,0.0,0,0.0,0.0,0.0,10,0.0,0.0,permanencia_media,eleito,6.960317,0.470259,30,42
20260703-013755,75,G11,entrincheiramento,1000,pareto,1.16,150,21,1.0,30,10000,0.0,0,0.0,0.0,0.0,10,0.0,0.0,permanencia_media,produzido,6.960317,0.470259,30,42
20260703-013755,75,G11,entrincheiramento,1000,pareto,1.16,150,21,1.0,30,10000,0.0,0,0.0,0.0,0.0,10,0.0,0.0,diversidade,stake,0.215397,0.031651,30,42
20260703-013755,75,G11,entrincheiramento,1000,pareto,1.16,150,21,1.0,30,10000,0.0,0,0.0,0.0,0.0,10,0.0,0.0,diversidade,eleito,0.215397,0.031651,30,42
20260703-013755,75,G11,entrincheiramento,1000,pareto,1.16,150,21,1.0,30,10000,0.0,0,0.0,0.0,0.0,10,0.0,0.0,diversidade,produzido,0.215397,0.031651,30,42
20260703-013755,76,G11,entrincheiramento,1000,pareto,1.16,150,21,1.0,30,10000,0.0,0,0.0,0.0,0.0,2,0.5,0.0,rotatividade,stake,0.31746,0.100993,30,42
20260703-013755,76,G11,entrincheiramento,1000,pareto,1.16,150,21,1.0,30,10000,0.0,0,0.0,0.0,0.0,2,0.5,0.0,rotatividade,eleito,0.31746,0.100993,30,42
20260703-013755,76,G11,entrincheiramento,1000,pareto,1.16,150,21,1.0,30,10000,0.0,0,0.0,0.0,0.0,2,0.5,0.0,rotatividade,produzido,0.31746,0.100993,30,42
20260703-013755,76,G11,entrincheiramento,1000,pareto,1.16,150,21,1.0,30,10000,0.0,0,0.0,0.0,0.0,2,0.5,0.0,persistencia,stake,0.84127,0.050497,30,42
20260703-013755,76,G11,entrincheiramento,1000,pareto,1.16,150,21,1.0,30,10000,0.0,0,0.0,0.0,0.0,2,0.5,0.0,persistencia,eleito,0.84127,0.050497,30,42
20260703-013755,76,G11,entrincheiramento,1000,pareto,1.16,150,21,1.0,30,10000,0.0,0,0.0,0.0,0.0,2,0.5,0.0,persistencia,produzido,0.84127,0.050497,30,42
20260703-013755,76,G11,entrincheiramento,1000,pareto,1.16,150,21,1.0,30,10000,0.0,0,0.0,0.0,0.0,2,0.5,0.0,permanencia_media,stake,1.84127,0.050497,30,42
20260703-013755,76,G11,entrincheiramento,1000,pareto,1.16,150,21,1.0,30,10000,0.0,0,0.0,0.0,0.0,2,0.5,0.0,permanencia_media,eleito,1.84127,0.050497,30,42
20260703-013755,76,G11,entrincheiramento,1000,pareto,1.16,150,21,1.0,30,10000,0.0,0,0.0,0.0,0.0,2,0.5,0.0,permanencia_media,produzido,1.84127,0.050497,30,42
20260703-013755,76,G11,entrincheiramento,1000,pareto,1.16,150,21,1.0,30,10000,0.0,0,0.0,0.0,0.0,2,0.5,0.0,diversidade,stake,0.579365,0.025248,30,42
20260703-013755,76,G11,entrincheiramento,1000,pareto,1.16,150,21,1.0,30,10000,0.0,0,0.0,0.0,0.0,2,0.5,0.0,diversidade,eleito,0.579365,0.025248,30,42
20260703-013755,76,G11,entrincheiramento,1000,pareto,1.16,150,21,1.0,30,10000,0.0,0,0.0,0.0,0.0,2,0.5,0.0,diversidade,produzido,0.579365,0.025248,30,42
20260703-013755,77,G11,entrincheiramento,1000,pareto,1.16,150,21,1.0,30,10000,0.0,0,0.0,0.0,0.0,5,0.5,0.0,rotatividade,stake,0.285714,0.096394,30,42
20260703-013755,77,G11,entrincheiramento,1000,pareto,1.16,150,21,1.0,30,10000,0.0,0,0.0,0.0,0.0,5,0.5,0.0,rotatividade,eleito,0.285714,0.096394,30,42
20260703-013755,77,G11,entrincheiramento,1000,pareto,1.16,150,21,1.0,30,10000,0.0,0,0.0,0.0,0.0,5,0.5,0.0,rotatividade,produzido,0.285714,0.096394,30,42
20260703-013755,77,G11,entrincheiramento,1000,pareto,1.16,150,21,1.0,30,10000,0.0,0,0.0,0.0,0.0,5,0.5,0.0,persistencia,stake,0.765079,0.063905,30,42
20260703-013755,77,G11,entrincheiramento,1000,pareto,1.16,150,21,1.0,30,10000,0.0,0,0.0,0.0,0.0,5,0.5,0.0,persistencia,eleito,0.765079,0.063905,30,42
20260703-013755,77,G11,entrincheiramento,1000,pareto,1.16,150,21,1.0,30,10000,0.0,0,0.0,0.0,0.0,5,0.5,0.0,persistencia,produzido,0.765079,0.063905,30,42
20260703-013755,77,G11,entrincheiramento,1000,pareto,1.16,150,21,1.0,30,10000,0.0,0,0.0,0.0,0.0,5,0.5,0.0,permanencia_media,stake,4.247619,0.232932,30,42
20260703-013755,77,G11,entrincheiramento,1000,pareto,1.16,150,21,1.0,30,10000,0.0,0,0.0,0.0,0.0,5,0.5,0.0,permanencia_media,eleito,4.247619,0.232932,30,42
20260703-013755,77,G11,entrincheiramento,1000,pareto,1.16,150,21,1.0,30,10000,0.0,0,0.0,0.0,0.0,5,0.5,0.0,permanencia_media,produzido,4.247619,0.232932,30,42
20260703-013755,77,G11,entrincheiramento,1000,pareto,1.16,150,21,1.0,30,10000,0.0,0,0.0,0.0,0.0,5,0.5,0.0,diversidade,stake,0.296508,0.032489,30,42
20260703-013755,77,G11,entrincheiramento,1000,pareto,1.16,150,21,1.0,30,10000,0.0,0,0.0,0.0,0.0,5,0.5,0.0,diversidade,eleito,0.296508,0.032489,30,42
20260703-013755,77,G11,entrincheiramento,1000,pareto,1.16,150,21,1.0,30,10000,0.0,0,0.0,0.0,0.0,5,0.5,0.0,diversidade,produzido,0.296508,0.032489,30,42
20260703-013755,78,G11,entrincheiramento,1000,pareto,1.16,150,21,1.0,30,10000,0.0,0,0.0,0.0,0.0,10,0.5,0.0,rotatividade,stake,0.273721,0.097368,30,42
20260703-013755,78,G11,entrincheiramento,1000,pareto,1.16,150,21,1.0,30,10000,0.0,0,0.0,0.0,0.0,10,0.5,0.0,rotatividade,eleito,0.273721,0.097368,30,42
20260703-013755,78,G11,entrincheiramento,1000,pareto,1.16,150,21,1.0,30,10000,0.0,0,0.0,0.0,0.0,10,0.5,0.0,rotatividade,produzido,0.273721,0.097368,30,42
20260703-013755,78,G11,entrincheiramento,1000,pareto,1.16,150,21,1.0,30,10000,0.0,0,0.0,0.0,0.0,10,0.5,0.0,persistencia,stake,0.72381,0.065677,30,42
20260703-013755,78,G11,entrincheiramento,1000,pareto,1.16,150,21,1.0,30,10000,0.0,0,0.0,0.0,0.0,10,0.5,0.0,persistencia,eleito,0.72381,0.065677,30,42
20260703-013755,78,G11,entrincheiramento,1000,pareto,1.16,150,21,1.0,30,10000,0.0,0,0.0,0.0,0.0,10,0.5,0.0,persistencia,produzido,0.72381,0.065677,30,42
20260703-013755,78,G11,entrincheiramento,1000,pareto,1.16,150,21,1.0,30,10000,0.0,0,0.0,0.0,0.0,10,0.5,0.0,permanencia_media,stake,8.068254,0.54949,30,42
20260703-013755,78,G11,entrincheiramento,1000,pareto,1.16,150,21,1.0,30,10000,0.0,0,0.0,0.0,0.0,10,0.5,0.0,permanencia_media,eleito,8.068254,0.54949,30,42
20260703-013755,78,G11,entrincheiramento,1000,pareto,1.16,150,21,1.0,30,10000,0.0,0,0.0,0.0,0.0,10,0.5,0.0,permanencia_media,produzido,8.068254,0.54949,30,42
20260703-013755,78,G11,entrincheiramento,1000,pareto,1.16,150,21,1.0,30,10000,0.0,0,0.0,0.0,0.0,10,0.5,0.0,diversidade,stake,0.186667,0.030918,30,42
20260703-013755,78,G11,entrincheiramento,1000,pareto,1.16,150,21,1.0,30,10000,0.0,0,0.0,0.0,0.0,10,0.5,0.0,diversidade,eleito,0.186667,0.030918,30,42
20260703-013755,78,G11,entrincheiramento,1000,pareto,1.16,150,21,1.0,30,10000,0.0,0,0.0,0.0,0.0,10,0.5,0.0,diversidade,produzido,0.186667,0.030918,30,42
20260703-013755,79,G11,entrincheiramento,1000,pareto,1.16,150,21,1.0,30,10000,0.0,0,0.0,0.0,0.0,2,1.0,0.0,rotatividade,stake,0.244444,0.096263,30,42
20260703-013755,79,G11,entrincheiramento,1000,pareto,1.16,150,21,1.0,30,10000,0.0,0,0.0,0.0,0.0,2,1.0,0.0,rotatividade,eleito,0.244444,0.096263,30,42
20260703-013755,79,G11,entrincheiramento,1000,pareto,1.16,150,21,1.0,30,10000,0.0,0,0.0,0.0,0.0,2,1.0,0.0,rotatividade,produzido,0.244444,0.096263,30,42
20260703-013755,79,G11,entrincheiramento,1000,pareto,1.16,150,21,1.0,30,10000,0.0,0,0.0,0.0,0.0,2,1.0,0.0,persistencia,stake,0.877778,0.048131,30,42
20260703-013755,79,G11,entrincheiramento,1000,pareto,1.16,150,21,1.0,30,10000,0.0,0,0.0,0.0,0.0,2,1.0,0.0,persistencia,eleito,0.877778,0.048131,30,42
20260703-013755,79,G11,entrincheiramento,1000,pareto,1.16,150,21,1.0,30,10000,0.0,0,0.0,0.0,0.0,2,1.0,0.0,persistencia,produzido,0.877778,0.048131,30,42
20260703-013755,79,G11,entrincheiramento,1000,pareto,1.16,150,21,1.0,30,10000,0.0,0,0.0,0.0,0.0,2,1.0,0.0,permanencia_media,stake,1.877778,0.048131,30,42
20260703-013755,79,G11,entrincheiramento,1000,pareto,1.16,150,21,1.0,30,10000,0.0,0,0.0,0.0,0.0,2,1.0,0.0,permanencia_media,eleito,1.877778,0.048131,30,42
20260703-013755,79,G11,entrincheiramento,1000,pareto,1.16,150,21,1.0,30,10000,0.0,0,0.0,0.0,0.0,2,1.0,0.0,permanencia_media,produzido,1.877778,0.048131,30,42
20260703-013755,79,G11,entrincheiramento,1000,pareto,1.16,150,21,1.0,30,10000,0.0,0,0.0,0.0,0.0,2,1.0,0.0,diversidade,stake,0.561111,0.024066,30,42
20260703-013755,79,G11,entrincheiramento,1000,pareto,1.16,150,21,1.0,30,10000,0.0,0,0.0,0.0,0.0,2,1.0,0.0,diversidade,eleito,0.561111,0.024066,30,42
20260703-013755,79,G11,entrincheiramento,1000,pareto,1.16,150,21,1.0,30,10000,0.0,0,0.0,0.0,0.0,2,1.0,0.0,diversidade,produzido,0.561111,0.024066,30,42
20260703-013755,80,G11,entrincheiramento,1000,pareto,1.16,150,21,1.0,30,10000,0.0,0,0.0,0.0,0.0,5,1.0,0.0,rotatividade,stake,0.223016,0.084211,30,42
20260703-013755,80,G11,entrincheiramento,1000,pareto,1.16,150,21,1.0,30,10000,0.0,0,0.0,0.0,0.0,5,1.0,0.0,rotatividade,eleito,0.223016,0.084211,30,42
20260703-013755,80,G11,entrincheiramento,1000,pareto,1.16,150,21,1.0,30,10000,0.0,0,0.0,0.0,0.0,5,1.0,0.0,rotatividade,produzido,0.223016,0.084211,30,42
20260703-013755,80,G11,entrincheiramento,1000,pareto,1.16,150,21,1.0,30,10000,0.0,0,0.0,0.0,0.0,5,1.0,0.0,persistencia,stake,0.806349,0.064684,30,42
20260703-013755,80,G11,entrincheiramento,1000,pareto,1.16,150,21,1.0,30,10000,0.0,0,0.0,0.0,0.0,5,1.0,0.0,persistencia,eleito,0.806349,0.064684,30,42
20260703-013755,80,G11,entrincheiramento,1000,pareto,1.16,150,21,1.0,30,10000,0.0,0,0.0,0.0,0.0,5,1.0,0.0,persistencia,produzido,0.806349,0.064684,30,42
20260703-013755,80,G11,entrincheiramento,1000,pareto,1.16,150,21,1.0,30,10000,0.0,0,0.0,0.0,0.0,5,1.0,0.0,permanencia_media,stake,4.38254,0.223503,30,42
20260703-013755,80,G11,entrincheiramento,1000,pareto,1.16,150,21,1.0,30,10000,0.0,0,0.0,0.0,0.0,5,1.0,0.0,permanencia_media,eleito,4.38254,0.223503,30,42
20260703-013755,80,G11,entrincheiramento,1000,pareto,1.16,150,21,1.0,30,10000,0.0,0,0.0,0.0,0.0,5,1.0,0.0,permanencia_media,produzido,4.38254,0.223503,30,42
20260703-013755,80,G11,entrincheiramento,1000,pareto,1.16,150,21,1.0,30,10000,0.0,0,0.0,0.0,0.0,5,1.0,0.0,diversidade,stake,0.282222,0.031023,30,42
20260703-013755,80,G11,entrincheiramento,1000,pareto,1.16,150,21,1.0,30,10000,0.0,0,0.0,0.0,0.0,5,1.0,0.0,diversidade,eleito,0.282222,0.031023,30,42
20260703-013755,80,G11,entrincheiramento,1000,pareto,1.16,150,21,1.0,30,10000,0.0,0,0.0,0.0,0.0,5,1.0,0.0,diversidade,produzido,0.282222,0.031023,30,42
20260703-013755,81,G11,entrincheiramento,1000,pareto,1.16,150,21,1.0,30,10000,0.0,0,0.0,0.0,0.0,10,1.0,0.0,rotatividade,stake,0.207407,0.081487,30,42
20260703-013755,81,G11,entrincheiramento,1000,pareto,1.16,150,21,1.0,30,10000,0.0,0,0.0,0.0,0.0,10,1.0,0.0,rotatividade,eleito,0.207407,0.081487,30,42
20260703-013755,81,G11,entrincheiramento,1000,pareto,1.16,150,21,1.0,30,10000,0.0,0,0.0,0.0,0.0,10,1.0,0.0,rotatividade,produzido,0.207407,0.081487,30,42
20260703-013755,81,G11,entrincheiramento,1000,pareto,1.16,150,21,1.0,30,10000,0.0,0,0.0,0.0,0.0,10,1.0,0.0,persistencia,stake,0.777778,0.06821,30,42
20260703-013755,81,G11,entrincheiramento,1000,pareto,1.16,150,21,1.0,30,10000,0.0,0,0.0,0.0,0.0,10,1.0,0.0,persistencia,eleito,0.777778,0.06821,30,42
20260703-013755,81,G11,entrincheiramento,1000,pareto,1.16,150,21,1.0,30,10000,0.0,0,0.0,0.0,0.0,10,1.0,0.0,persistencia,produzido,0.777778,0.06821,30,42
20260703-013755,81,G11,entrincheiramento,1000,pareto,1.16,150,21,1.0,30,10000,0.0,0,0.0,0.0,0.0,10,1.0,0.0,permanencia_media,stake,8.528571,0.497496,30,42
20260703-013755,81,G11,entrincheiramento,1000,pareto,1.16,150,21,1.0,30,10000,0.0,0,0.0,0.0,0.0,10,1.0,0.0,permanencia_media,eleito,8.528571,0.497496,30,42
20260703-013755,81,G11,entrincheiramento,1000,pareto,1.16,150,21,1.0,30,10000,0.0,0,0.0,0.0,0.0,10,1.0,0.0,permanencia_media,produzido,8.528571,0.497496,30,42
20260703-013755,81,G11,entrincheiramento,1000,pareto,1.16,150,21,1.0,30,10000,0.0,0,0.0,0.0,0.0,10,1.0,0.0,diversidade,stake,0.172222,0.027716,30,42
20260703-013755,81,G11,entrincheiramento,1000,pareto,1.16,150,21,1.0,30,10000,0.0,0,0.0,0.0,0.0,10,1.0,0.0,diversidade,eleito,0.172222,0.027716,30,42
20260703-013755,81,G11,entrincheiramento,1000,pareto,1.16,150,21,1.0,30,10000,0.0,0,0.0,0.0,0.0,10,1.0,0.0,diversidade,produzido,0.172222,0.027716,30,42
